Rk,Player,Pos,Age,Tm,G,GS,MP,FG,FGA,FGpct,Threes,ThreesA,Threepct,Twos,TwosA,Twopct,eFGpct,FT,FTA,FTpct,ORB,DRB,TRB,AST,STL,BLK,TOV,PF,PTS,PlayerID
1,Precious Achiuwa,C-PF,24,TOT,39,0,16.8,2.7,5.7,.469,0.4,1.4,.264,2.3,4.4,.532,.500,0.7,1.2,.587,2.1,3.3,5.4,1.4,0.5,0.6,1.0,1.6,6.4,achiupr01
2,Precious Achiuwa,C,24,TOR,25,0,17.5,3.1,6.8,.459,0.5,1.9,.277,2.6,4.9,.528,.497,1.0,1.7,.571,2.0,3.4,5.4,1.8,0.6,0.5,1.2,1.6,7.7,achiupr01
3,Precious Achiuwa,PF,24,NYK,14,0,15.6,1.9,3.9,.500,0.1,0.4,.167,1.9,3.4,.542,.509,0.2,0.3,.750,2.4,3.0,5.4,0.6,0.3,0.7,0.6,1.5,4.1,achiupr01
4,Bam Adebayo,C,26,MIA,36,36,34.9,7.8,15.4,.502,0.0,0.3,.091,7.7,15.1,.510,.503,5.5,7.1,.780,2.3,8.3,10.5,4.2,1.0,1.0,2.4,2.4,21.0,adebaba01
5,Ochai Agbaji,SG,23,UTA,47,10,20.0,2.2,5.1,.429,1.0,2.9,.328,1.2,2.1,.564,.523,0.3,0.4,.750,0.7,1.8,2.6,0.9,0.6,0.6,0.7,1.4,5.6,agbajoc01
6,Santi Aldama,PF,23,MEM,34,8,23.4,3.9,9.0,.439,1.5,4.6,.335,2.4,4.4,.547,.525,1.0,1.6,.618,1.2,4.4,5.6,1.9,0.6,0.7,1.1,1.6,10.4,aldamsa01
7,Nickeil Alexander-Walker,SG,25,MIN,46,15,22.8,2.4,5.6,.434,1.4,3.7,.378,1.0,1.9,.547,.560,0.4,0.6,.690,0.4,1.4,1.8,2.6,0.9,0.6,0.9,1.8,6.7,alexani01
8,Grayson Allen,SG,28,PHO,40,40,33.5,4.6,9.0,.514,2.8,5.6,.496,1.8,3.4,.545,.669,1.7,1.8,.904,0.8,3.4,4.2,2.9,0.9,0.6,1.5,2.2,13.6,allengr01
9,Jarrett Allen,C,25,CLE,38,38,30.4,6.2,9.6,.649,0.0,0.0,.000,6.2,9.6,.651,.649,2.7,3.6,.756,3.6,6.8,10.4,3.0,0.9,1.1,1.8,2.4,15.2,allenja01
10,Jose Alvarado,PG,25,NOP,29,0,16.1,2.4,5.8,.408,1.3,3.3,.381,1.1,2.5,.444,.518,0.8,1.1,.667,0.4,1.7,2.1,1.8,1.0,0.3,0.8,1.4,6.8,alvarjo01
11,Kyle Anderson,PF,30,MIN,46,2,22.4,2.4,5.3,.461,0.1,0.6,.172,2.3,4.7,.500,.471,1.3,2.0,.678,0.7,2.8,3.5,4.0,0.8,0.6,1.3,1.5,6.3,anderky01
12,Giannis Antetokounmpo,PF,29,MIL,44,44,35.1,11.6,19.0,.608,0.4,1.7,.250,11.1,17.3,.644,.619,7.5,11.2,.664,2.6,9.0,11.7,6.2,1.3,1.1,3.6,3.0,31.0,antetgi01
13,Thanasis Antetokounmpo,PF,31,MIL,19,0,4.1,0.4,0.7,.500,0.0,0.0,,0.4,0.7,.500,.500,0.0,0.0,,0.2,0.2,0.4,0.5,0.1,0.2,0.5,0.7,0.7,antetth01
14,Cole Anthony,PG,23,ORL,44,0,24.2,4.4,10.2,.429,1.2,3.6,.323,3.2,6.6,.486,.485,2.9,3.5,.831,1.0,3.2,4.2,3.3,0.8,0.5,1.8,2.5,12.8,anthoco01
15,OG Anunoby,SF,26,TOT,41,41,34.1,5.8,11.7,.498,2.1,5.5,.379,3.7,6.1,.606,.588,1.6,2.0,.774,1.0,3.2,4.2,2.3,1.3,0.7,1.5,2.3,15.3,anunoog01
16,OG Anunoby,SF,26,TOR,27,27,33.3,5.8,11.9,.489,2.3,6.0,.374,3.6,5.9,.608,.584,1.2,1.7,.717,0.9,3.0,3.9,2.7,1.0,0.5,1.6,2.3,15.1,anunoog01
17,OG Anunoby,SF,26,NYK,14,14,35.7,5.8,11.2,.516,1.8,4.6,.391,4.0,6.6,.602,.596,2.3,2.7,.842,1.1,3.6,4.6,1.5,1.8,1.1,1.4,2.4,15.6,anunoog01
18,Ryan Arcidiacono,PG,29,NYK,18,0,2.4,0.0,0.3,.000,0.0,0.3,.000,0.0,0.0,,.000,0.0,0.0,,0.0,0.4,0.4,0.2,0.1,0.0,0.1,0.3,0.0,arcidry01
19,Deni Avdija,SF,23,WAS,45,45,27.4,4.6,9.2,.501,1.0,2.6,.378,3.6,6.6,.551,.555,2.2,2.9,.767,1.0,5.2,6.1,3.9,0.9,0.4,1.7,2.5,12.4,avdijde01
20,Deandre Ayton,C,25,POR,29,29,31.6,5.9,11.0,.538,0.0,0.0,,5.9,11.0,.538,.538,1.1,1.4,.775,3.3,7.3,10.6,1.6,1.1,0.7,2.0,2.4,12.9,aytonde01
21,Udoka Azubuike,C,24,PHO,11,0,8.3,1.4,1.7,.789,0.0,0.0,,1.4,1.7,.789,.789,0.3,0.8,.333,0.8,1.5,2.3,0.3,0.0,0.5,0.4,1.5,3.0,azubuud01
22,Ibou Badji,C,21,POR,12,1,13.6,0.8,1.3,.600,0.0,0.0,,0.8,1.3,.600,.600,0.3,0.5,.500,1.5,2.2,3.7,0.7,0.2,1.4,0.8,2.7,1.8,badjiib01
23,Marvin Bagley III,C,24,TOT,32,12,19.8,4.5,7.7,.588,0.1,0.3,.222,4.4,7.4,.602,.592,2.3,3.1,.747,2.4,3.1,5.4,1.1,0.3,0.5,1.2,1.9,11.4,baglema01
24,Marvin Bagley III,C,24,DET,26,10,18.4,4.1,7.0,.591,0.0,0.2,.167,4.1,6.7,.606,.594,1.9,2.3,.820,1.8,2.8,4.5,1.0,0.2,0.5,1.1,1.5,10.2,baglema01
25,Marvin Bagley III,C,24,WAS,6,2,25.7,6.2,10.7,.578,0.2,0.5,.333,6.0,10.2,.590,.586,4.0,6.3,.632,5.0,4.3,9.3,1.3,0.8,0.5,1.7,3.3,16.5,baglema01
26,Amari Bailey,PG,19,CHO,2,0,5.5,1.0,3.0,.333,0.0,1.0,.000,1.0,2.0,.500,.333,0.5,1.0,.500,1.0,0.0,1.0,0.0,0.0,0.0,0.5,0.0,2.5,baileam01
27,Patrick Baldwin Jr.,SF,21,WAS,15,0,6.9,0.9,2.1,.452,0.6,1.1,.529,0.3,0.9,.357,.597,0.5,0.7,.700,0.3,1.6,1.9,0.4,0.1,0.2,0.3,1.1,2.9,baldwpa01
28,LaMelo Ball,PG,22,CHO,22,22,32.3,8.3,19.2,.433,3.2,9.0,.355,5.1,10.3,.500,.515,4.1,4.7,.865,1.3,3.8,5.1,8.0,1.8,0.2,3.8,3.6,23.9,ballla01
29,Mo Bamba,C,25,PHI,24,0,9.0,1.6,3.0,.549,0.4,0.8,.556,1.2,2.2,.547,.620,0.6,0.9,.667,1.4,1.7,3.0,0.5,0.4,0.8,0.6,1.2,4.3,bambamo01
30,Paolo Banchero,PF,21,ORL,45,45,34.8,8.0,17.9,.449,1.4,4.1,.348,6.6,13.8,.479,.489,5.2,7.4,.701,1.2,5.8,7.0,4.9,1.0,0.6,3.2,2.1,22.6,banchpa01
31,Desmond Bane,SG,25,MEM,37,37,34.5,8.9,18.8,.474,3.3,8.6,.384,5.6,10.2,.551,.563,3.3,3.8,.864,0.9,3.6,4.6,5.3,1.0,0.5,2.7,2.9,24.4,banede01
32,Dalano Banton,PG,24,BOS,22,1,7.4,0.9,2.1,.404,0.1,0.6,.143,0.8,1.5,.515,.426,0.6,0.8,.778,0.5,1.0,1.5,0.7,0.2,0.1,0.5,0.9,2.5,bantoda01
33,Dominick Barlow,PF,20,SAS,20,1,13.1,1.8,3.7,.479,0.2,0.4,.429,1.6,3.3,.485,.500,0.7,1.2,.583,1.2,2.2,3.4,1.1,0.4,0.6,0.2,1.3,4.4,barlodo01
34,Harrison Barnes,PF,31,SAC,44,44,29.5,4.0,8.3,.485,1.9,4.6,.416,2.1,3.7,.571,.600,2.0,2.4,.827,0.9,2.0,2.9,1.3,0.7,0.2,0.7,1.3,11.9,barneha02
35,Scottie Barnes,SG,22,TOR,45,45,35.2,7.6,15.9,.478,2.0,5.4,.363,5.6,10.4,.538,.541,3.1,4.1,.754,2.3,6.1,8.4,5.7,1.3,1.5,2.6,2.0,20.2,barnesc01
36,RJ Barrett,SG,23,TOT,39,39,30.8,6.9,14.8,.465,1.6,4.6,.339,5.3,10.2,.521,.517,3.8,5.0,.763,0.8,4.4,5.2,2.8,0.5,0.4,1.8,2.1,19.2,barrerj01
37,RJ Barrett,SG,23,NYK,26,26,29.5,6.3,14.9,.423,1.7,5.0,.331,4.7,9.9,.469,.478,4.0,4.8,.831,0.7,3.5,4.3,2.4,0.5,0.3,1.8,1.7,18.2,barrerj01
38,RJ Barrett,SG,23,TOR,13,13,33.6,8.1,14.7,.550,1.4,3.8,.360,6.7,10.8,.617,.597,3.5,5.4,.643,1.1,6.0,7.1,3.5,0.6,0.4,1.8,2.9,21.0,barrerj01
39,Charles Bassey,C,23,SAS,19,0,10.8,1.5,2.1,.725,0.0,0.1,.000,1.5,2.1,.744,.725,0.3,0.3,.833,1.2,2.8,4.0,1.1,0.4,0.9,0.8,1.6,3.3,bassech01
40,Emoni Bates,SF,20,CLE,10,0,7.6,0.6,2.5,.240,0.5,2.0,.250,0.1,0.5,.200,.340,0.1,0.2,.500,0.1,0.9,1.0,0.6,0.1,0.2,0.1,0.5,1.8,batesem01
41,Keita Bates-Diop,SF,28,PHO,34,8,15.7,1.6,4.0,.415,0.5,1.7,.281,1.2,2.3,.513,.474,0.7,1.0,.735,0.8,1.9,2.7,0.9,0.6,0.5,0.3,0.9,4.5,bateske01
42,Nicolas Batum,PF,35,TOT,33,26,24.9,2.1,3.9,.531,1.3,2.8,.462,0.8,1.1,.703,.696,0.3,0.4,.643,1.2,2.7,3.8,2.3,0.7,0.8,0.6,2.0,5.8,batumni01
43,Nicolas Batum,PF,35,LAC,3,0,18.0,1.0,2.7,.375,0.7,2.3,.286,0.3,0.3,1.000,.500,0.0,0.0,,0.0,2.3,2.3,1.7,1.0,1.3,0.3,1.7,2.7,batumni01
44,Nicolas Batum,PF,35,PHI,30,26,25.6,2.2,4.1,.541,1.4,2.9,.477,0.8,1.2,.694,.709,0.3,0.5,.643,1.3,2.7,4.0,2.4,0.7,0.7,0.7,2.1,6.1,batumni01
45,Bradley Beal,SG,30,PHO,21,21,32.6,7.0,13.9,.507,1.5,4.0,.381,5.5,9.9,.558,.562,2.2,2.9,.767,0.8,3.4,4.2,4.1,0.8,0.4,2.3,2.8,17.8,bealbr01
46,Malik Beasley,SG,27,MIL,44,44,29.3,4.1,8.5,.483,2.8,6.1,.463,1.3,2.4,.533,.648,0.3,0.4,.722,0.7,3.3,4.0,1.4,0.7,0.1,0.7,2.1,11.3,beaslma01
47,MarJon Beauchamp,SF,23,MIL,35,1,15.4,1.9,3.9,.486,0.7,1.8,.403,1.2,2.2,.553,.576,0.3,0.6,.600,0.6,1.8,2.4,0.8,0.3,0.2,0.7,1.3,4.9,beaucma01
48,Jules Bernard,SG,24,WAS,4,0,4.0,0.3,2.3,.111,0.0,1.8,.000,0.3,0.5,.500,.111,0.0,0.0,,0.3,0.0,0.3,0.3,0.0,0.0,0.3,0.8,0.5,bernaju01
49,Dāvis Bertāns,PF,31,OKC,14,0,6.5,0.7,1.9,.385,0.7,1.7,.417,0.0,0.1,.000,.577,1.0,1.1,.933,0.1,0.6,0.7,0.6,0.2,0.2,0.1,0.7,3.1,bertada01
50,Patrick Beverley,PG,35,PHI,41,3,19.0,2.0,4.7,.420,0.7,2.2,.304,1.3,2.5,.525,.492,1.0,1.3,.774,0.6,2.4,3.1,2.8,0.5,0.4,0.9,1.8,5.6,beverpa01
51,Saddiq Bey,SF,24,ATL,45,33,32.4,4.4,10.6,.414,1.8,5.6,.316,2.6,5.0,.525,.498,2.2,2.7,.828,2.5,4.0,6.4,1.4,0.9,0.1,0.9,1.6,12.8,beysa01
52,Goga Bitadze,C,24,ORL,39,31,20.7,2.8,4.6,.615,0.1,0.3,.200,2.8,4.3,.639,.620,1.2,1.7,.676,2.5,3.9,6.4,1.7,0.7,1.6,0.8,2.4,6.9,bitadgo01
53,Onuralp Bitim,SG,24,CHI,1,0,3.0,0.0,0.0,,0.0,0.0,,0.0,0.0,,,0.0,0.0,,0.0,0.0,0.0,0.0,0.0,0.0,0.0,0.0,0.0,bitimon01
54,Bismack Biyombo,C,31,MEM,30,27,23.9,2.2,4.0,.563,0.0,0.0,,2.2,4.0,.563,.563,0.7,1.5,.478,1.9,4.5,6.4,1.7,0.3,1.1,1.3,2.7,5.2,biyombi01
55,Anthony Black,PG,20,ORL,42,29,19.4,1.9,3.9,.482,0.5,1.4,.345,1.4,2.5,.557,.543,0.8,1.3,.618,0.6,1.8,2.4,1.7,0.6,0.4,1.0,2.0,5.0,blackan01
56,Leaky Black,SF,24,CHO,15,0,5.9,0.6,1.3,.474,0.2,0.5,.429,0.4,0.8,.500,.553,0.4,0.7,.600,0.3,0.7,1.1,0.3,0.2,0.3,0.1,0.7,1.8,blackle01
57,Bogdan Bogdanović,SG,31,ATL,43,5,28.3,6.0,14.1,.426,3.1,8.4,.366,2.9,5.7,.514,.535,1.8,2.0,.907,0.5,2.6,3.1,2.6,1.3,0.2,1.1,2.3,17.0,bogdabo01
58,Bojan Bogdanović,PF,34,DET,24,23,33.2,7.3,15.5,.472,3.1,7.4,.416,4.3,8.1,.523,.571,2.8,3.8,.756,0.5,3.0,3.5,2.7,0.9,0.1,2.2,2.2,20.6,bogdabo02
59,Bol Bol,PF,24,PHO,12,0,7.2,1.4,1.9,.739,0.3,0.4,.600,1.2,1.5,.778,.804,0.3,0.4,.800,0.8,1.5,2.3,0.5,0.3,0.5,0.5,0.8,3.4,bolbo01
60,Marques Bolden,C,25,MIL,2,0,1.5,0.0,0.0,,0.0,0.0,,0.0,0.0,,,0.0,0.0,,0.0,1.0,1.0,0.0,0.0,0.0,0.0,0.5,0.0,boldema01
61,Devin Booker,PG,27,PHO,36,36,36.1,9.8,19.6,.499,2.3,5.9,.388,7.5,13.7,.548,.558,6.3,7.1,.883,0.7,4.2,4.9,7.4,0.9,0.4,2.8,3.0,28.2,bookede01
62,Brandon Boston Jr.,SF,22,LAC,10,0,7.1,1.5,3.8,.395,0.5,1.5,.333,1.0,2.3,.435,.461,0.6,0.6,1.000,0.6,0.5,1.1,0.4,0.1,0.1,0.3,1.1,4.1,bostobr01
63,Chris Boucher,PF,31,TOR,42,0,14.2,2.1,4.5,.471,0.6,2.0,.321,1.5,2.5,.590,.542,1.3,1.8,.743,1.2,2.8,4.1,0.4,0.3,0.5,0.5,1.4,6.2,bouchch01
64,James Bouknight,SG,23,CHO,11,0,6.5,1.5,3.3,.444,1.1,2.4,.462,0.4,0.9,.400,.611,0.1,0.2,.500,0.1,0.7,0.8,0.5,0.0,0.1,0.1,0.2,4.1,bouknja01
65,Jamaree Bouyea,PG,24,POR,6,0,9.5,0.8,3.5,.238,0.0,1.3,.000,0.8,2.2,.385,.238,0.0,0.0,,0.3,1.3,1.7,1.3,0.0,0.0,1.3,0.5,1.7,bouyeja01
66,Malaki Branham,PG,20,SAS,42,21,21.0,3.4,7.9,.433,1.0,3.1,.308,2.5,4.8,.515,.494,0.6,0.6,.926,0.3,1.7,2.0,2.3,0.4,0.1,1.2,1.3,8.4,branhma01
67,Christian Braun,SG,22,DEN,47,0,18.9,2.6,5.9,.448,0.7,1.9,.356,2.0,4.0,.489,.504,1.3,1.7,.732,0.7,2.7,3.5,1.5,0.4,0.4,0.7,1.6,7.2,braunch01
68,Mikal Bridges,SF,27,BRK,45,45,35.0,7.6,16.7,.454,2.3,6.3,.360,5.3,10.4,.511,.522,4.2,5.1,.829,0.8,4.3,5.1,3.7,1.0,0.5,2.3,1.6,21.7,bridgmi01
69,Miles Bridges,SF,25,CHO,33,31,37.1,7.9,17.2,.458,2.3,6.5,.358,5.5,10.7,.518,.526,2.8,3.2,.875,0.8,6.4,7.2,3.0,1.1,0.5,2.1,1.9,20.8,bridgmi02
70,Oshae Brissett,SF,25,BOS,28,0,11.9,1.5,3.1,.471,0.4,1.2,.294,1.1,1.9,.585,.529,1.0,1.4,.675,1.1,1.9,3.1,0.7,0.4,0.1,0.4,1.1,4.3,brissos01
71,Malcolm Brogdon,PG,31,POR,35,21,28.0,5.5,12.7,.437,2.2,5.1,.422,3.4,7.5,.447,.523,2.4,2.9,.816,0.6,2.9,3.5,5.3,0.7,0.2,1.5,1.4,15.7,brogdma01
72,Armoni Brooks,PG,25,BRK,10,0,10.4,1.5,4.6,.326,1.1,3.2,.344,0.4,1.4,.286,.446,0.1,0.2,.500,0.7,1.1,1.8,0.5,0.1,0.1,0.3,0.3,4.2,brookar01
73,Dillon Brooks,SF,28,HOU,36,36,31.5,5.0,10.9,.459,1.9,4.8,.385,3.2,6.1,.518,.544,1.9,2.3,.841,0.7,2.8,3.5,1.6,1.0,0.1,1.5,3.7,13.8,brookdi01
74,Bruce Brown,SG-PG,27,TOT,37,34,29.2,4.5,9.3,.481,1.0,3.0,.327,3.5,6.4,.553,.533,1.9,2.3,.821,0.8,3.9,4.8,2.8,1.0,0.3,1.3,2.5,11.8,brownbr01
75,Bruce Brown,SG,27,IND,33,33,29.7,4.5,9.5,.475,1.0,3.1,.327,3.5,6.5,.545,.527,2.0,2.5,.817,0.8,3.9,4.7,3.0,1.1,0.2,1.2,2.5,12.1,brownbr01
76,Bruce Brown,PG,27,TOR,4,1,25.0,4.3,7.8,.548,0.8,2.3,.333,3.5,5.5,.636,.597,0.5,0.5,1.000,1.3,4.3,5.5,1.3,0.5,0.5,1.8,3.0,9.8,brownbr01
77,Charlie Brown Jr.,SG,26,NYK,3,0,1.7,0.3,1.3,.250,0.3,1.0,.333,0.0,0.3,.000,.375,0.0,0.0,,0.0,0.0,0.0,0.0,0.0,0.0,0.7,0.0,1.0,brownch02
78,Greg Brown III,PF,22,DAL,6,0,6.7,0.8,1.8,.455,0.2,0.5,.333,0.7,1.3,.500,.500,0.7,1.5,.444,0.5,1.0,1.5,0.7,0.0,0.7,0.7,0.8,2.5,browngr01
79,Jaylen Brown,SF,27,BOS,43,43,33.2,8.7,17.7,.491,2.1,6.0,.359,6.6,11.8,.557,.551,3.1,4.3,.721,1.0,4.2,5.2,3.6,1.1,0.6,2.5,2.6,22.6,brownja02
80,Kendall Brown,SG,20,IND,4,0,4.5,0.5,1.3,.400,0.0,0.3,.000,0.5,1.0,.500,.400,1.0,1.5,.667,0.5,0.0,0.5,0.3,0.0,0.0,0.0,1.0,2.0,brownke03
81,Kobe Brown,PF,24,LAC,27,0,9.7,0.8,2.1,.379,0.4,1.4,.289,0.4,0.7,.550,.474,0.0,0.1,.500,0.3,1.1,1.4,0.6,0.2,0.1,0.2,1.4,2.1,brownko01
82,Moses Brown,C,24,POR,9,4,9.1,1.0,2.3,.429,0.0,0.0,,1.0,2.3,.429,.429,0.0,0.4,.000,2.0,3.1,5.1,0.2,0.2,0.3,0.4,1.2,2.0,brownmo01
83,Troy Brown Jr.,SF,24,MIN,34,3,11.6,1.5,3.3,.442,0.9,2.4,.370,0.6,0.9,.625,.575,0.6,0.6,.864,0.4,1.6,2.0,1.0,0.2,0.1,0.5,0.7,4.4,browntr01
84,Jalen Brunson,PG,27,NYK,44,44,35.6,9.4,19.5,.480,2.8,6.6,.426,6.5,12.9,.507,.552,5.1,6.1,.835,0.6,3.3,3.9,6.5,0.9,0.2,2.4,2.1,26.6,brunsja01
85,Thomas Bryant,C,26,MIA,24,3,10.7,1.8,3.2,.571,0.0,0.2,.000,1.8,3.0,.603,.571,0.8,0.9,.818,1.0,2.1,3.2,0.6,0.3,0.2,0.6,1.1,4.4,bryanth01
86,Kobe Bufkin,SG,20,ATL,2,0,2.0,0.0,1.5,.000,0.0,0.5,.000,0.0,1.0,.000,.000,0.5,1.0,.500,0.5,0.5,1.0,0.0,0.0,0.0,0.0,0.0,0.5,bufkiko01
87,Reggie Bullock,SF,32,HOU,18,0,9.2,0.9,2.1,.421,0.6,1.6,.393,0.3,0.6,.500,.566,0.1,0.1,1.000,0.1,1.2,1.3,0.5,0.2,0.1,0.3,0.5,2.4,bullore01
88,Alec Burks,SG,32,DET,38,0,20.4,3.7,9.7,.387,2.3,5.9,.397,1.4,3.8,.371,.508,2.8,3.1,.890,0.4,1.9,2.3,1.5,0.4,0.2,0.7,1.5,12.6,burksal01
89,Jared Butler,SG,23,WAS,17,0,7.5,1.6,2.9,.560,0.6,1.4,.417,1.1,1.5,.692,.660,0.7,0.9,.800,0.0,0.6,0.6,1.8,0.5,0.1,0.6,0.8,4.6,butleja02
90,Jimmy Butler,PF,34,MIA,31,31,33.6,6.6,13.5,.488,0.9,2.1,.409,5.7,11.4,.503,.520,6.9,7.8,.880,2.0,3.0,5.0,4.4,1.2,0.3,1.7,1.2,21.0,butleji01
91,Jamal Cain,PF,24,MIA,14,1,14.9,2.1,4.7,.439,0.6,1.8,.320,1.5,2.9,.512,.500,1.0,1.4,.737,0.9,1.2,2.1,0.2,0.6,0.3,0.3,1.1,5.7,cainja01
92,Kentavious Caldwell-Pope,SG,30,DEN,45,45,32.3,3.5,7.9,.449,1.5,3.8,.388,2.1,4.1,.505,.542,1.5,1.6,.905,0.4,1.9,2.3,2.4,1.4,0.5,1.0,2.0,10.0,caldwke01
93,Toumani Camara,PF,23,POR,44,29,24.3,2.5,6.2,.408,0.7,2.6,.278,1.8,3.6,.503,.467,1.0,1.5,.708,1.9,3.0,4.9,1.0,1.0,0.5,1.2,2.6,6.8,camarto01
94,Clint Capela,C,29,ATL,43,43,25.8,4.6,8.2,.567,0.0,0.0,,4.6,8.2,.567,.567,1.9,2.9,.659,4.7,5.7,10.3,1.0,0.6,1.6,0.9,2.5,11.1,capelca01
95,Jevon Carter,PG,28,CHI,44,0,14.0,2.0,5.4,.364,1.2,3.5,.338,0.8,1.9,.412,.473,0.1,0.1,.600,0.1,0.7,0.8,1.2,0.5,0.3,0.5,1.1,5.2,carteje01
96,Wendell Carter Jr.,C,24,ORL,19,13,25.4,4.1,7.7,.531,1.2,2.6,.449,2.9,5.2,.571,.605,1.8,2.4,.739,1.9,4.9,6.8,1.6,0.6,0.6,1.2,2.1,11.2,cartewe01
97,Alex Caruso,SG,29,CHI,39,27,25.9,3.6,7.3,.491,1.8,4.4,.415,1.7,2.9,.607,.617,1.2,1.5,.776,1.0,2.6,3.5,2.7,1.3,1.0,1.3,2.4,10.1,carusal01
98,Colin Castleton,C,23,LAL,5,0,6.4,1.2,1.8,.667,0.0,0.0,,1.2,1.8,.667,.667,0.8,0.8,1.000,0.8,1.0,1.8,0.6,0.0,0.0,0.2,1.2,3.2,castlco01
99,Malcolm Cazalon,SG,22,DET,1,0,3.0,0.0,0.0,,0.0,0.0,,0.0,0.0,,,0.0,0.0,,0.0,0.0,0.0,0.0,0.0,0.0,0.0,0.0,0.0,cazalma01
100,Julian Champagnie,SF,22,SAS,39,24,15.7,1.9,4.7,.411,1.4,3.5,.394,0.6,1.2,.458,.557,0.8,0.9,.865,0.4,1.8,2.3,1.0,0.6,0.5,0.7,1.1,6.1,champju02
101,Max Christie,SG,20,LAL,37,6,16.9,1.7,4.3,.405,0.7,2.1,.321,1.1,2.2,.488,.484,0.6,0.8,.800,0.2,2.4,2.6,1.0,0.4,0.2,0.8,1.3,4.8,chrisma02
102,Sidy Cissoko,SF,19,SAS,5,0,6.4,0.2,1.2,.167,0.0,0.8,.000,0.2,0.4,.500,.167,0.8,0.8,1.000,0.0,1.2,1.2,0.0,0.6,0.0,0.2,0.4,1.2,cissosi01
103,Jordan Clarkson,SG,31,UTA,37,19,30.1,6.5,15.4,.420,1.7,5.6,.309,4.7,9.8,.483,.476,3.3,3.7,.891,1.0,2.6,3.6,5.0,0.6,0.1,2.8,1.4,18.0,clarkjo01
104,Nic Claxton,C,24,BRK,35,35,29.8,5.4,8.4,.644,0.0,0.1,.333,5.4,8.3,.647,.646,1.5,2.8,.551,3.1,7.3,10.4,1.9,0.7,2.2,1.2,2.6,12.4,claxtni01
105,Noah Clowney,PF,19,BRK,2,0,13.5,3.0,4.5,.667,0.0,0.5,.000,3.0,4.0,.750,.667,1.0,1.0,1.000,1.5,1.0,2.5,1.0,0.0,0.0,0.5,1.5,7.0,clownno01
106,Amir Coffey,SF,26,LAC,32,6,16.2,1.8,3.3,.548,0.7,1.7,.396,1.1,1.6,.706,.649,0.6,0.7,.857,0.4,1.3,1.7,0.7,0.3,0.1,0.4,1.2,4.8,coffeam01
107,John Collins,PF,26,UTA,43,41,27.7,5.5,10.7,.512,1.3,3.6,.348,4.2,7.1,.595,.570,1.9,2.4,.794,2.1,5.8,7.9,1.0,0.6,0.8,1.4,2.8,14.1,collijo01
108,Zach Collins,C,26,SAS,36,24,25.3,4.6,9.7,.479,1.0,3.4,.290,3.6,6.3,.582,.530,1.9,2.5,.769,1.9,3.8,5.7,3.2,0.6,0.7,2.2,3.3,12.2,colliza01
109,Mike Conley,PG,36,MIN,42,42,29.2,3.7,8.2,.446,2.3,5.3,.439,1.3,2.9,.459,.588,1.2,1.3,.926,0.4,2.4,2.7,6.4,1.0,0.2,1.1,1.7,10.9,conlemi01
110,Pat Connaughton,SF,31,MIL,40,0,21.1,2.0,4.4,.448,1.2,3.2,.381,0.8,1.2,.625,.586,0.4,0.5,.737,0.7,2.5,3.2,1.7,0.5,0.2,0.5,1.3,5.5,connapa01
111,Bilal Coulibaly,SF,19,WAS,44,1,26.4,2.9,6.4,.456,1.0,2.6,.379,1.9,3.8,.509,.534,1.2,1.8,.671,0.8,3.3,4.1,1.8,0.9,0.8,1.4,2.1,8.1,coulibi01
112,Ricky Council IV,SG,22,PHI,5,0,4.2,0.6,1.6,.375,0.2,0.4,.500,0.4,1.2,.333,.438,1.0,1.6,.625,0.2,0.0,0.2,0.0,0.2,0.0,0.0,0.2,2.4,councri01
113,Robert Covington,SF-PF,33,TOT,29,6,16.8,1.5,3.4,.439,0.7,1.9,.339,0.8,1.4,.571,.536,0.8,0.9,.846,1.1,2.3,3.3,0.8,1.3,0.6,0.4,1.9,4.4,covinro01
114,Robert Covington,PF,33,LAC,3,3,23.0,1.0,3.0,.333,0.7,2.7,.250,0.3,0.3,1.000,.444,0.3,0.7,.500,0.7,2.0,2.7,2.3,2.0,0.7,0.0,2.3,3.0,covinro01
115,Robert Covington,SF,33,PHI,26,3,16.1,1.5,3.4,.449,0.7,1.8,.354,0.9,1.6,.561,.545,0.8,0.9,.875,1.1,2.3,3.4,0.7,1.3,0.6,0.4,1.9,4.5,covinro01
116,Torrey Craig,SF,33,CHI,27,7,21.2,2.2,5.1,.424,1.1,2.8,.382,1.1,2.3,.476,.529,0.7,0.9,.783,1.9,3.0,4.8,1.0,0.6,0.4,0.6,2.5,6.1,craigto01
117,Jae Crowder,PF,33,MIL,15,3,23.1,2.5,5.3,.463,1.7,3.8,.439,0.8,1.5,.522,.619,0.5,0.9,.571,0.4,2.9,3.3,1.2,0.6,0.2,0.5,1.7,7.1,crowdja01
118,Cade Cunningham,PG,22,DET,37,37,34.5,8.5,18.9,.448,1.9,5.5,.340,6.6,13.5,.492,.497,3.9,4.5,.863,0.4,3.6,4.1,7.4,0.9,0.3,3.9,2.8,22.8,cunnica01
119,Seth Curry,SG,33,DAL,34,3,12.8,1.5,4.0,.372,0.9,2.3,.377,0.6,1.8,.367,.478,0.4,0.5,.875,0.4,1.0,1.4,0.8,0.5,0.1,0.4,0.9,4.3,curryse01
120,Stephen Curry,PG,35,GSW,40,40,33.5,8.8,19.5,.449,4.7,11.6,.403,4.1,7.9,.517,.569,5.1,5.5,.928,0.5,3.8,4.2,5.0,0.9,0.4,3.0,1.9,27.3,curryst01
121,Dyson Daniels,PG,20,NOP,46,14,22.0,2.1,5.0,.424,0.6,2.2,.283,1.5,2.9,.530,.485,0.7,1.0,.646,1.0,2.8,3.7,2.7,1.3,0.3,1.0,1.6,5.5,daniedy01
122,Anthony Davis,C,30,LAL,45,45,36.0,9.5,17.1,.555,0.3,1.1,.275,9.2,16.0,.575,.564,5.7,7.0,.808,3.2,9.0,12.2,3.7,1.1,2.4,2.1,2.5,25.0,davisan02
123,Johnny Davis,SG,21,WAS,20,0,7.6,1.1,2.4,.438,0.1,0.2,.333,1.0,2.3,.444,.448,0.2,0.3,.800,0.5,0.6,1.0,0.3,0.4,0.1,0.3,0.6,2.4,davisjo06
124,JD Davison,SG,21,BOS,2,0,3.0,0.0,0.5,.000,0.0,0.5,.000,0.0,0.0,,.000,1.0,1.0,1.000,0.5,0.5,1.0,0.0,0.0,0.0,0.0,0.0,1.0,davisjd01
125,Dexter Dennis,SG,24,DAL,4,0,7.5,2.5,4.8,.526,0.3,2.0,.125,2.3,2.8,.818,.553,0.3,0.8,.333,0.3,2.0,2.3,1.0,0.0,0.3,0.8,0.3,5.5,dennide01
126,DeMar DeRozan,SF,34,CHI,44,44,37.2,7.8,16.6,.466,1.0,2.8,.344,6.8,13.8,.491,.495,5.7,6.7,.847,0.6,3.4,4.0,5.4,1.1,0.6,1.5,2.2,22.1,derozde01
127,Moussa Diabaté,C,22,LAC,10,0,5.8,0.9,1.8,.500,0.0,0.0,,0.9,1.8,.500,.500,0.9,1.2,.750,1.4,0.6,2.0,0.4,0.4,0.0,0.2,0.4,2.7,diabamo01
128,Mamadi Diakite,PF,27,SAS,3,0,5.3,1.3,1.7,.800,0.0,0.0,,1.3,1.7,.800,.800,1.3,2.0,.667,0.3,0.7,1.0,0.7,0.0,0.3,0.0,0.3,4.0,diakima01
129,Hamidou Diallo,SG,25,WAS,2,0,2.5,0.5,1.0,.500,0.0,0.0,,0.5,1.0,.500,.500,0.0,0.0,,1.0,0.0,1.0,0.5,1.0,0.0,0.5,0.5,1.0,diallha01
130,Gradey Dick,SG,20,TOR,24,1,12.9,1.2,3.7,.330,0.7,2.4,.276,0.5,1.3,.433,.420,0.6,0.6,1.000,0.4,1.0,1.3,1.0,0.4,0.0,0.6,1.3,3.7,dickgr01
131,Ousmane Dieng,PF,20,OKC,22,0,11.4,1.5,3.5,.423,0.7,2.4,.308,0.8,1.2,.654,.526,0.5,0.5,.833,0.4,1.5,1.9,0.9,0.1,0.0,0.5,0.7,4.2,diengou01
132,Spencer Dinwiddie,PG,30,BRK,43,43,30.7,4.2,10.7,.394,2.0,6.0,.327,2.3,4.7,.480,.486,2.8,3.5,.783,0.6,2.9,3.4,6.0,0.8,0.2,1.4,1.8,13.1,dinwisp01
133,Donte DiVincenzo,SG,27,NYK,46,28,22.3,4.0,8.7,.457,2.7,6.3,.422,1.3,2.4,.550,.611,0.8,1.2,.722,0.8,2.3,3.1,2.2,1.1,0.3,1.1,1.9,11.4,divindo01
134,Luka Dončić,PG,24,DAL,39,39,37.3,11.7,24.0,.488,3.9,10.4,.375,7.8,13.6,.573,.569,7.1,9.2,.776,0.8,7.8,8.6,9.4,1.4,0.6,3.9,1.8,34.4,doncilu01
135,Luguentz Dort,SF,24,OKC,43,43,28.5,3.7,8.1,.450,1.9,4.6,.402,1.8,3.5,.513,.564,1.7,2.1,.813,1.2,2.6,3.9,1.3,0.9,0.8,1.0,3.1,10.9,dortlu01
136,Ayo Dosunmu,SG,24,CHI,44,6,23.4,3.5,7.1,.484,1.1,2.9,.370,2.4,4.3,.561,.559,1.0,1.2,.815,0.7,1.8,2.5,2.0,0.8,0.4,0.9,1.9,9.0,dosunay01
137,Andre Drummond,C,30,CHI,46,7,15.9,3.1,5.6,.553,0.0,0.0,.000,3.1,5.5,.557,.553,1.5,2.7,.553,3.3,5.0,8.4,0.6,1.2,0.6,1.1,1.7,7.7,drumman01
138,Chris Duarte,SF,26,SAC,35,11,13.2,1.3,3.6,.360,0.6,1.9,.313,0.7,1.7,.414,.444,0.5,0.7,.750,0.4,1.5,1.8,0.9,0.5,0.1,0.6,1.7,3.7,duartch01
139,Kris Dunn,PG,29,UTA,39,21,17.5,2.2,4.4,.486,0.5,1.4,.389,1.6,3.1,.529,.546,0.3,0.5,.667,0.7,2.2,2.9,4.3,0.9,0.4,1.2,1.9,5.2,dunnkr01
140,Kevin Durant,PF,35,PHO,38,38,37.2,10.3,19.4,.531,2.3,5.0,.455,8.0,14.4,.557,.590,6.0,6.8,.873,0.5,5.9,6.4,5.7,0.9,1.2,3.1,1.9,28.8,duranke01
141,Jalen Duren,C,20,DET,30,29,29.9,6.2,9.6,.640,0.0,0.1,.000,6.2,9.6,.645,.640,1.5,2.2,.692,3.1,8.4,11.6,2.5,0.4,0.9,2.0,3.3,13.8,durenja01
142,Tari Eason,PF,22,HOU,22,0,21.8,4.0,8.6,.466,0.8,2.3,.360,3.2,6.3,.504,.513,1.0,1.5,.636,2.1,4.9,7.0,1.2,1.4,0.9,0.9,2.3,9.8,easonta01
143,Anthony Edwards,SG,22,MIN,43,43,34.9,8.9,19.3,.463,2.5,6.5,.385,6.4,12.8,.502,.527,5.6,6.7,.839,0.7,4.6,5.2,5.3,1.2,0.5,3.4,1.9,25.9,edwaran01
144,Kessler Edwards,SF,23,SAC,30,0,4.8,0.6,1.4,.405,0.3,0.9,.346,0.3,0.5,.500,.512,0.1,0.1,.750,0.2,0.6,0.7,0.3,0.1,0.1,0.0,0.4,1.5,edwarke02
145,Keon Ellis,SG,24,SAC,28,3,12.2,1.3,3.0,.434,0.9,2.4,.382,0.4,0.5,.667,.590,0.4,0.6,.647,0.3,1.0,1.3,1.3,0.5,0.4,0.5,1.4,3.9,elliske01
146,Joel Embiid,C,29,PHI,33,33,34.2,12.0,22.3,.539,1.2,3.2,.368,10.8,19.1,.568,.566,10.7,12.2,.883,2.7,8.8,11.4,5.8,1.1,1.8,3.6,2.8,36.0,embiijo01
147,Drew Eubanks,C,26,PHO,39,2,15.6,2.2,3.7,.608,0.1,0.1,1.000,2.2,3.6,.600,.619,1.1,1.4,.764,1.4,2.7,4.1,0.9,0.3,0.8,1.0,1.7,5.6,eubandr01
148,Dante Exum,PG,28,DAL,32,14,19.7,3.6,6.3,.571,1.0,2.0,.477,2.7,4.3,.616,.648,1.0,1.4,.727,0.6,2.2,2.8,2.8,0.6,0.2,0.8,1.6,9.2,exumda01
149,Bruno Fernando,C,25,ATL,13,0,6.5,1.1,2.1,.519,0.0,0.2,.000,1.1,1.8,.583,.519,0.8,1.5,.526,0.5,1.5,2.0,0.3,0.2,0.4,0.5,0.9,2.9,fernabr01
150,Dorian Finney-Smith,PF,30,BRK,42,31,28.8,3.3,8.1,.412,2.1,5.5,.383,1.2,2.6,.473,.541,0.3,0.5,.700,1.7,3.1,4.8,1.4,0.7,0.6,0.8,2.2,9.1,finnedo01
151,Malachi Flynn,PG,25,TOT,40,0,12.8,1.6,3.8,.411,0.8,2.2,.341,0.8,1.6,.508,.510,0.5,0.7,.750,0.3,1.4,1.7,1.9,0.5,0.2,0.9,1.1,4.4,flynnma01
152,Malachi Flynn,PG,25,TOR,31,0,15.3,1.8,4.4,.409,0.9,2.6,.350,0.9,1.8,.491,.511,0.5,0.7,.773,0.4,1.7,2.1,2.4,0.6,0.2,1.1,1.4,5.1,flynnma01
153,Malachi Flynn,PG,25,NYK,9,0,4.0,0.7,1.6,.429,0.2,0.9,.250,0.4,0.7,.667,.500,0.4,0.7,.667,0.0,0.3,0.3,0.4,0.1,0.0,0.2,0.3,2.0,flynnma01
154,Simone Fontecchio,SF,28,UTA,45,29,23.0,3.2,7.1,.456,1.9,4.7,.400,1.4,2.4,.564,.588,0.7,0.8,.789,1.0,2.4,3.4,1.5,0.6,0.4,1.0,1.7,9.0,fontesi01
155,Jordan Ford,PG,25,SAC,6,0,3.7,0.7,1.2,.571,0.3,0.5,.667,0.3,0.7,.500,.714,0.3,0.3,1.000,0.0,0.3,0.3,0.3,0.0,0.0,0.2,0.0,2.0,fordjo01
156,Trent Forrest,SG,25,ATL,18,0,10.9,0.8,2.6,.326,0.1,0.3,.333,0.7,2.2,.325,.348,0.4,0.6,.800,0.3,1.2,1.4,1.9,0.4,0.1,0.6,0.9,2.2,forretr01
157,Evan Fournier,SG,31,NYK,3,0,13.0,1.3,6.7,.200,0.7,5.0,.133,0.7,1.7,.400,.250,0.7,0.7,1.000,0.0,1.3,1.3,1.0,1.3,0.0,0.3,1.3,4.0,fournev01
158,De'Aaron Fox,PG,26,SAC,38,38,35.6,9.8,20.9,.469,3.1,8.0,.388,6.7,12.9,.519,.543,4.9,6.7,.730,0.9,3.2,4.0,5.6,1.6,0.4,2.5,2.5,27.7,foxde01
159,Javon Freeman-Liberty,PG,24,TOR,2,0,2.0,0.5,1.5,.333,0.0,0.0,,0.5,1.5,.333,.333,0.0,0.0,,0.5,0.0,0.5,0.0,0.0,0.0,0.0,0.0,1.0,freemja01
160,Alex Fudge,SF,20,LAL,4,0,3.5,0.3,1.5,.167,0.0,0.5,.000,0.3,1.0,.250,.167,0.5,0.5,1.000,0.5,0.0,0.5,0.0,0.0,0.0,0.3,0.3,1.0,fudgeal01
161,Markelle Fultz,PG,25,ORL,13,7,24.2,4.0,8.0,.500,0.0,0.2,.000,4.0,7.8,.515,.500,0.4,0.8,.455,1.2,1.8,3.0,3.6,1.1,0.4,1.3,1.7,8.4,fultzma01
162,Daniel Gafford,C,25,WAS,40,40,26.2,4.4,6.4,.697,0.0,0.0,,4.4,6.4,.697,.697,1.9,2.6,.718,2.7,5.0,7.7,1.6,1.0,2.1,1.1,3.3,10.7,gaffoda01
163,Danilo Gallinari,PF-SF,35,TOT,28,0,14.7,2.2,4.9,.449,0.8,2.4,.333,1.4,2.5,.557,.529,1.9,2.3,.844,0.4,2.4,2.9,1.3,0.2,0.1,0.4,1.0,7.1,gallida01
164,Danilo Gallinari,PF,35,WAS,26,0,14.8,2.2,5.0,.435,0.8,2.5,.313,1.4,2.6,.552,.511,1.8,2.2,.839,0.5,2.5,2.9,1.2,0.2,0.1,0.5,1.0,7.0,gallida01
165,Danilo Gallinari,SF,35,DET,2,0,13.0,2.0,2.5,.800,1.0,1.0,1.000,1.0,1.5,.667,1.000,3.5,4.0,.875,0.0,2.0,2.0,2.5,0.0,0.0,0.0,1.0,8.5,gallida01
166,Darius Garland,PG,24,CLE,20,20,34.0,7.6,16.1,.470,1.8,5.2,.346,5.8,10.9,.530,.526,3.8,4.6,.835,0.6,2.2,2.8,5.9,1.6,0.2,3.8,1.6,20.7,garlada01
167,Usman Garuba,PF,21,GSW,2,0,3.0,0.0,0.5,.000,0.0,0.0,,0.0,0.5,.000,.000,0.0,0.0,,0.0,0.0,0.0,0.5,0.5,0.0,0.0,0.5,0.0,garubus01
168,Luka Garza,C,25,MIN,9,0,2.6,0.6,1.8,.313,0.0,0.6,.000,0.6,1.2,.455,.313,0.6,0.9,.625,0.4,0.4,0.9,0.2,0.0,0.0,0.2,0.8,1.7,garzalu01
169,Kaiser Gates,SF,27,NOP,1,0,7.0,0.0,4.0,.000,0.0,2.0,.000,0.0,2.0,.000,.000,0.0,0.0,,0.0,1.0,1.0,0.0,0.0,0.0,0.0,0.0,0.0,gateska01
170,Keyonte George,PG,20,UTA,41,16,24.2,3.3,9.0,.364,1.6,5.0,.324,1.6,3.9,.416,.455,2.5,3.1,.819,0.3,2.4,2.7,4.3,0.4,0.1,2.0,1.0,10.7,georgke01
171,Paul George,PF,33,LAC,42,42,34.2,8.2,17.5,.466,3.5,8.4,.418,4.6,9.1,.510,.567,3.4,3.7,.911,0.6,4.9,5.5,3.5,1.6,0.4,2.1,2.8,23.3,georgpa01
172,Taj Gibson,PF,38,NYK,10,0,9.7,0.7,1.4,.500,0.0,0.4,.000,0.7,1.0,.700,.500,0.0,0.0,,0.6,1.2,1.8,0.5,0.1,0.6,0.2,2.0,1.4,gibsota01
173,Josh Giddey,SG,21,OKC,44,44,24.8,4.8,10.5,.454,0.9,2.7,.333,3.8,7.7,.497,.498,1.1,1.4,.806,1.4,4.8,6.2,4.6,0.7,0.4,2.1,1.3,11.5,giddejo01
174,Harry Giles,C,25,BRK,13,0,5.2,1.4,2.8,.500,0.1,0.6,.125,1.3,2.2,.607,.514,0.5,0.8,.545,0.7,0.8,1.5,0.2,0.1,0.2,0.3,0.7,3.3,gilesha01
175,Shai Gilgeous-Alexander,PG,25,OKC,44,44,34.3,10.9,20.1,.545,1.2,3.5,.331,9.8,16.6,.590,.574,8.1,9.1,.890,0.9,4.7,5.6,6.4,2.3,0.8,2.1,2.5,31.1,gilgesh01
176,Anthony Gill,PF,31,WAS,26,0,5.7,0.8,1.7,.489,0.1,0.4,.182,0.8,1.3,.588,.511,0.5,0.6,.750,0.5,0.8,1.3,0.4,0.1,0.2,0.4,0.5,2.2,gillan01
177,Collin Gillespie,PG,24,DEN,14,0,6.9,0.8,1.7,.458,0.3,0.9,.308,0.5,0.8,.636,.542,0.3,0.4,.800,0.1,0.3,0.4,0.6,0.4,0.0,0.4,0.9,2.1,gilleco01
178,Jacob Gilyard,PG,25,MEM,28,10,16.4,1.3,3.4,.389,1.1,2.8,.397,0.2,0.6,.353,.553,0.0,0.0,1.000,0.3,0.8,1.0,3.3,0.6,0.1,0.6,0.9,3.8,gilyaja01
179,Rudy Gobert,C,31,MIN,45,45,33.1,5.1,8.0,.635,0.0,0.0,.000,5.1,7.9,.639,.635,3.2,5.1,.638,3.5,9.0,12.4,1.2,0.6,2.1,1.6,3.0,13.4,goberru01
180,Jordan Goodwin,PG,25,PHO,36,0,15.2,2.0,5.2,.380,0.6,2.2,.288,1.3,3.0,.449,.441,0.6,0.8,.852,1.1,2.1,3.2,2.1,0.6,0.2,0.8,1.2,5.2,goodwjo01
181,Aaron Gordon,PF,28,DEN,41,41,32.0,5.4,9.9,.545,0.5,1.8,.293,4.9,8.1,.602,.572,2.3,3.6,.628,2.6,4.0,6.5,3.0,0.8,0.6,1.3,1.8,13.6,gordoaa01
182,Eric Gordon,SG,35,PHO,37,19,30.4,4.6,10.4,.445,2.5,6.6,.374,2.2,3.8,.567,.564,0.8,1.1,.769,0.3,1.8,2.1,2.3,0.9,0.5,1.3,1.3,12.5,gordoer01
183,Devonte' Graham,PG,28,SAS,10,0,8.8,1.1,2.8,.393,0.7,2.0,.350,0.4,0.8,.500,.518,0.6,0.8,.750,0.2,1.1,1.3,1.9,0.3,0.1,0.3,0.4,3.5,grahade01
184,Jerami Grant,PF,29,POR,40,40,33.4,7.4,16.0,.459,2.2,5.3,.410,5.2,10.7,.484,.527,4.3,5.3,.798,0.7,2.9,3.6,2.6,0.7,0.8,2.0,2.1,21.1,grantje01
185,A.J. Green,SG,24,MIL,28,0,7.5,1.1,2.6,.425,0.9,2.3,.413,0.2,0.4,.500,.603,0.1,0.1,1.000,0.2,0.6,0.8,0.6,0.0,0.0,0.0,0.9,3.3,greenaj01
186,Danny Green,SG,36,PHI,2,0,9.0,0.0,1.0,.000,0.0,0.5,.000,0.0,0.5,.000,.000,0.0,0.0,,0.0,1.0,1.0,0.5,0.5,0.0,0.0,0.5,0.0,greenda02
187,Draymond Green,PF,33,GSW,19,16,26.3,3.3,6.6,.492,1.1,2.7,.412,2.2,3.9,.547,.575,1.7,2.1,.800,1.2,4.7,5.9,6.1,0.8,0.8,2.4,3.2,9.3,greendr01
188,Jalen Green,SG,21,HOU,45,45,30.5,6.0,14.8,.406,2.1,6.5,.318,4.0,8.3,.475,.476,3.7,4.6,.807,0.4,4.3,4.7,3.2,0.6,0.3,2.2,1.3,17.8,greenja05
189,Jeff Green,PF,37,HOU,43,4,16.9,2.1,4.1,.509,0.4,1.3,.296,1.7,2.8,.603,.554,1.7,2.1,.824,0.6,1.5,2.1,0.7,0.2,0.5,0.7,1.4,6.3,greenje02
190,Josh Green,SG,23,DAL,33,16,26.6,3.1,6.5,.470,1.3,3.4,.396,1.7,3.2,.548,.572,0.6,1.1,.556,0.6,2.5,3.1,2.6,0.7,0.2,1.1,1.9,8.1,greenjo02
191,AJ Griffin,SF,20,ATL,17,0,7.7,0.8,2.6,.295,0.5,1.9,.273,0.2,0.6,.364,.398,0.1,0.1,1.000,0.1,0.6,0.8,0.2,0.1,0.1,0.4,0.4,2.2,griffaj01
192,Quentin Grimes,SG,23,NYK,43,18,19.9,2.5,6.2,.400,1.7,4.7,.370,0.7,1.5,.492,.540,0.5,0.7,.688,0.3,1.5,1.9,1.1,0.7,0.1,0.5,1.5,7.2,grimequ01
193,Mouhamed Gueye,PF,21,ATL,2,0,2.0,0.0,0.5,.000,0.0,0.5,.000,0.0,0.0,,.000,0.0,0.0,,0.0,0.0,0.0,0.0,0.5,0.0,0.0,0.5,0.0,gueyemo02
194,Rui Hachimura,PF,25,LAL,33,7,22.8,4.2,8.6,.488,1.1,2.9,.379,3.1,5.8,.542,.551,1.6,2.0,.776,0.8,2.7,3.5,1.1,0.7,0.2,0.8,1.4,11.1,hachiru01
195,Tyrese Haliburton,PG,23,IND,34,34,33.4,8.4,16.9,.496,3.4,8.4,.400,5.0,8.5,.590,.595,3.5,4.1,.862,0.6,3.5,4.1,12.6,1.1,0.6,2.5,1.1,23.6,halibty01
196,R.J. Hampton,PG,22,MIA,8,2,9.5,0.5,1.8,.286,0.1,1.0,.125,0.4,0.8,.500,.321,0.1,0.3,.500,0.3,0.5,0.8,1.0,0.0,0.0,0.4,1.0,1.3,hamptrj01
197,Tim Hardaway Jr.,SF,31,DAL,43,8,30.0,6.2,14.7,.419,3.3,8.9,.366,2.9,5.8,.502,.530,2.4,2.8,.875,0.3,3.3,3.7,1.7,0.4,0.0,1.0,1.5,18.0,hardati02
198,James Harden,PG,34,LAC,39,39,34.1,5.1,11.3,.452,2.7,6.5,.409,2.5,4.8,.511,.570,4.3,4.9,.874,0.3,4.4,4.7,8.6,1.2,0.8,2.6,2.1,17.2,hardeja01
199,Jaden Hardy,SG,21,DAL,41,5,15.5,2.8,7.4,.374,1.3,3.8,.346,1.4,3.6,.404,.464,0.8,1.1,.689,0.3,1.8,2.1,1.7,0.3,0.0,0.7,1.2,7.6,hardyja02
200,Ron Harper Jr.,PF,23,TOR,1,0,4.0,0.0,0.0,,0.0,0.0,,0.0,0.0,,,0.0,0.0,,0.0,0.0,0.0,1.0,0.0,0.0,0.0,2.0,0.0,harpero02
201,Gary Harris,SG,29,ORL,27,6,22.8,2.4,5.7,.429,1.3,4.0,.333,1.1,1.7,.652,.545,0.9,1.1,.774,0.5,1.2,1.7,1.9,0.9,0.2,0.5,1.7,7.1,harriga01
202,Joe Harris,SG,32,DET,15,0,10.5,0.9,2.4,.361,0.7,1.9,.345,0.2,0.5,.429,.500,0.1,0.1,.500,0.2,0.7,0.9,0.7,0.2,0.1,0.3,1.2,2.5,harrijo01
203,Kevon Harris,SG,26,ORL,1,0,3.0,0.0,0.0,,0.0,0.0,,0.0,0.0,,,0.0,0.0,,0.0,1.0,1.0,0.0,0.0,0.0,1.0,1.0,0.0,harrike01
204,Tobias Harris,PF,31,PHI,41,41,34.1,6.7,13.1,.509,1.2,3.5,.359,5.4,9.6,.563,.557,3.1,3.5,.902,1.0,5.0,6.0,3.2,1.0,0.5,1.5,1.7,17.7,harrito02
205,Shaquille Harrison,SG,30,MEM,3,0,2.0,0.3,0.7,.500,0.0,0.0,,0.3,0.7,.500,.500,0.0,0.0,,0.0,0.7,0.7,0.0,0.0,0.3,0.0,0.0,0.7,harrish01
206,Josh Hart,SF,28,NYK,45,6,28.2,2.9,6.5,.442,0.9,2.8,.323,2.0,3.7,.530,.510,0.7,0.8,.816,1.2,5.3,6.5,2.7,0.8,0.2,1.2,1.8,7.3,hartjo01
207,Isaiah Hartenstein,C,25,NYK,44,18,25.3,2.6,4.3,.610,0.0,0.1,.333,2.6,4.2,.614,.612,1.3,1.9,.694,3.3,5.2,8.4,1.9,1.1,1.1,1.2,2.9,6.5,harteis01
208,Sam Hauser,SF,26,BOS,45,5,21.5,2.8,6.3,.440,2.2,5.4,.407,0.6,0.9,.634,.614,0.2,0.3,.846,0.7,2.9,3.6,1.0,0.4,0.3,0.5,1.3,8.0,hausesa01
209,Jordan Hawkins,SG,21,NOP,41,10,21.9,3.5,8.7,.408,2.2,5.6,.394,1.3,3.0,.435,.537,1.5,1.8,.847,0.6,2.3,2.8,1.4,0.3,0.1,0.8,1.4,10.8,hawkijo01
210,Jaxson Hayes,C,23,LAL,36,1,9.5,1.2,1.8,.662,0.0,0.1,.000,1.2,1.7,.717,.662,0.4,0.8,.536,0.4,1.2,1.7,0.3,0.2,0.3,0.5,1.8,2.8,hayesja02
211,Killian Hayes,PG,22,DET,40,29,24.2,2.8,6.9,.412,0.5,1.8,.286,2.3,5.1,.456,.449,0.8,1.3,.660,0.3,2.5,2.8,4.8,0.9,0.5,1.2,1.8,7.0,hayeski01
212,Gordon Hayward,SF,33,CHO,25,25,31.9,5.6,11.9,.468,0.9,2.4,.361,4.7,9.4,.496,.505,2.5,3.2,.765,1.0,3.7,4.7,4.6,1.1,0.5,2.0,1.8,14.5,haywago01
213,Scoot Henderson,PG,19,POR,36,15,26.6,4.4,11.9,.365,1.2,3.9,.296,3.2,8.0,.399,.414,2.3,3.0,.769,0.8,2.1,2.9,4.6,0.6,0.2,3.1,3.0,12.2,hendesc01
214,Taylor Hendricks,PF,20,UTA,13,0,13.9,1.8,4.5,.397,0.9,2.7,.343,0.8,1.8,.478,.500,0.5,0.6,.750,0.8,1.4,2.2,0.5,0.7,0.5,0.7,0.9,4.9,hendrita01
215,Tyler Herro,SG,24,MIA,27,27,34.0,8.1,18.5,.438,3.3,8.3,.402,4.8,10.2,.467,.528,2.1,2.4,.848,0.6,4.7,5.3,4.1,1.1,0.1,2.4,1.6,21.6,herroty01
216,Buddy Hield,SF,31,IND,46,25,25.8,4.5,10.2,.447,2.8,7.1,.390,1.8,3.1,.577,.582,0.6,0.7,.848,0.7,2.5,3.2,2.7,0.8,0.6,1.3,2.0,12.5,hieldbu01
217,Haywood Highsmith,PF,27,MIA,32,20,21.5,2.2,5.1,.436,1.2,3.0,.402,1.0,2.1,.485,.555,0.6,0.7,.783,0.8,2.1,3.0,1.3,1.0,0.6,0.7,2.0,6.2,highsha01
218,Nate Hinton,SG,24,HOU,6,0,5.5,0.8,1.8,.455,0.7,0.8,.800,0.2,1.0,.167,.636,0.0,0.0,,0.3,1.0,1.3,0.3,0.0,0.2,0.3,1.2,2.3,hintona01
219,D'Moi Hodge,SG,25,LAL,7,0,5.9,0.7,2.1,.333,0.4,1.7,.250,0.3,0.4,.667,.433,0.1,0.3,.500,0.0,0.0,0.0,0.7,0.1,0.1,0.1,0.6,2.0,hodgedm01
220,Aaron Holiday,PG,27,HOU,43,1,17.1,2.4,5.3,.452,1.2,2.9,.407,1.2,2.4,.505,.561,0.7,0.8,.912,0.3,1.6,1.9,1.7,0.5,0.1,0.8,1.5,6.7,holidaa01
221,Jrue Holiday,PG,33,BOS,42,42,33.5,5.0,10.9,.456,2.0,4.9,.415,2.9,6.0,.490,.550,1.1,1.4,.828,1.4,4.7,6.1,4.6,0.8,0.7,1.9,1.6,13.1,holidjr01
222,Justin Holiday,SG,34,DEN,26,6,13.0,1.3,2.7,.493,0.8,1.9,.429,0.5,0.8,.636,.641,0.0,0.0,,0.2,1.0,1.2,1.0,0.6,0.0,0.2,1.2,3.5,holidju01
223,Richaun Holmes,C,30,DAL,20,1,10.0,1.4,2.6,.529,0.0,0.0,,1.4,2.6,.529,.529,0.5,0.9,.500,1.5,1.9,3.3,0.5,0.2,0.4,0.6,1.4,3.2,holmeri01
224,Chet Holmgren,C,21,OKC,45,45,30.2,6.5,12.0,.542,1.6,4.2,.383,4.9,7.8,.627,.609,2.6,3.3,.779,1.5,5.9,7.4,2.8,0.6,2.6,1.7,2.7,17.2,holmgch01
225,Jalen Hood-Schifino,SG,20,LAL,12,0,7.1,0.7,2.8,.242,0.1,0.8,.111,0.6,2.0,.292,.258,0.6,1.0,.583,0.2,0.7,0.8,0.6,0.3,0.1,0.7,0.8,2.0,hoodsja01
226,Al Horford,C,37,BOS,38,18,26.8,2.9,5.9,.484,1.6,3.9,.409,1.3,2.0,.632,.620,0.3,0.4,.857,1.3,5.4,6.7,2.9,0.4,0.9,0.8,1.6,7.7,horfoal01
227,Talen Horton-Tucker,PG,23,UTA,31,11,21.5,4.0,9.9,.408,1.2,3.6,.327,2.8,6.2,.456,.469,1.7,2.1,.800,0.4,2.2,2.5,4.1,1.1,0.4,1.6,2.0,10.9,hortota01
228,Danuel House Jr.,SF,30,PHI,29,0,14.2,1.4,3.0,.455,0.5,1.4,.333,0.9,1.6,.565,.534,0.8,1.2,.686,0.4,1.2,1.6,0.8,0.4,0.1,0.6,1.2,4.1,houseda01
229,Caleb Houstan,SF,21,ORL,35,7,16.0,1.6,4.2,.378,1.4,3.9,.355,0.2,0.3,.700,.544,0.5,0.6,.773,0.6,1.1,1.7,0.7,0.3,0.0,0.4,1.3,5.1,houstca01
230,Jett Howard,SF,20,ORL,11,0,3.8,0.6,1.7,.368,0.4,1.3,.286,0.3,0.5,.600,.474,0.2,0.4,.500,0.1,0.4,0.5,0.3,0.0,0.1,0.2,0.1,1.8,howarje01
231,Kevin Huerter,SG,25,SAC,42,37,24.2,4.0,8.9,.445,2.0,5.5,.365,2.0,3.4,.577,.559,0.7,0.9,.778,0.5,3.3,3.8,2.6,0.7,0.4,0.6,2.2,10.6,huertke01
232,Jay Huff,C,25,DEN,6,0,2.8,0.5,1.0,.500,0.2,0.7,.250,0.3,0.3,1.000,.583,0.0,0.0,,0.0,0.2,0.2,0.2,0.0,0.0,0.2,0.8,1.2,huffja01
233,De'Andre Hunter,SF,26,ATL,24,24,30.3,5.1,11.0,.460,1.9,4.8,.404,3.2,6.3,.503,.547,2.8,3.1,.907,0.6,3.5,4.1,1.4,0.8,0.4,1.5,3.0,14.9,huntede01
234,Bones Hyland,PG,23,LAC,18,2,13.7,2.4,6.4,.371,1.1,3.4,.323,1.3,3.0,.426,.457,0.6,0.7,.833,0.1,0.8,0.9,1.8,0.6,0.1,1.2,1.4,6.4,hylanbo01
235,Joe Ingles,SF,36,ORL,31,0,18.4,1.7,4.2,.403,1.0,2.6,.390,0.6,1.5,.426,.527,0.5,0.6,.850,0.5,2.1,2.5,3.3,0.7,0.1,1.0,1.6,4.9,inglejo01
236,Brandon Ingram,SF,26,NOP,42,42,33.0,7.9,16.1,.488,1.4,3.8,.361,6.5,12.4,.527,.530,4.1,5.2,.802,0.6,4.3,4.8,5.6,0.8,0.5,2.4,2.2,21.3,ingrabr01
237,Kyrie Irving,SG,31,DAL,27,27,33.3,9.3,19.6,.472,2.9,7.0,.411,6.4,12.6,.506,.545,3.8,4.2,.895,0.8,4.3,5.1,5.3,1.3,0.4,1.6,1.9,25.2,irvinky01
238,Jonathan Isaac,PF,26,ORL,27,0,13.9,2.2,4.7,.469,0.6,2.0,.278,1.7,2.7,.608,.527,1.3,1.6,.795,1.1,2.9,4.0,0.4,0.7,1.1,0.4,1.1,6.3,isaacjo01
239,Jaden Ivey,SG,21,DET,41,25,26.5,5.0,11.0,.452,1.3,4.0,.323,3.7,7.0,.526,.511,2.9,4.0,.732,1.3,2.4,3.7,3.6,0.7,0.6,2.3,2.8,14.2,iveyja01
240,Andre Jackson Jr.,SG,22,MIL,39,8,11.5,1.1,2.0,.551,0.4,0.9,.389,0.7,1.1,.690,.641,0.2,0.2,.889,0.9,1.3,2.2,0.9,0.3,0.1,0.5,1.9,2.8,jacksan01
241,Gregory Jackson II,PF,19,MEM,13,0,13.3,2.4,4.8,.500,1.2,2.5,.500,1.2,2.3,.500,.629,1.3,1.8,.708,0.7,1.8,2.5,0.5,0.3,0.5,0.5,1.2,7.3,jacksgg01
242,Isaiah Jackson,C,22,IND,35,1,13.4,2.7,4.1,.664,0.0,0.1,.000,2.7,4.0,.674,.664,1.3,1.8,.688,1.4,2.6,4.0,0.9,0.6,1.2,0.7,2.7,6.7,jacksis01
243,Jaren Jackson Jr.,C,24,MEM,43,43,31.7,7.5,16.7,.450,1.8,5.4,.325,5.8,11.3,.510,.503,5.0,6.0,.830,1.3,4.4,5.7,1.9,1.0,1.6,2.1,3.5,21.8,jacksja02
244,Reggie Jackson,PG,33,DEN,47,14,23.0,4.4,9.6,.461,1.3,3.6,.373,3.1,6.0,.514,.531,0.9,1.2,.750,0.4,1.7,2.0,4.0,0.6,0.2,1.4,1.8,11.0,jacksre01
245,Trayce Jackson-Davis,PF,23,GSW,32,3,14.2,2.9,4.2,.687,0.0,0.0,,2.9,4.2,.687,.687,1.1,1.9,.567,1.7,2.6,4.3,1.0,0.4,0.8,0.7,1.7,6.8,jackstr02
246,LeBron James,PF,39,LAL,42,42,34.6,9.4,18.0,.521,2.2,5.4,.399,7.2,12.6,.574,.581,4.1,5.5,.749,0.9,6.5,7.5,7.6,1.3,0.5,3.4,1.1,25.0,jamesle01
247,Jaime Jaquez Jr.,SF,22,MIA,40,15,30.1,5.3,10.4,.512,1.1,3.0,.356,4.3,7.5,.574,.563,2.1,2.6,.833,1.2,2.6,3.8,2.7,1.1,0.3,1.7,2.5,13.8,jaqueja01
248,DaQuan Jeffries,SG,26,NYK,10,0,3.0,0.5,1.2,.417,0.1,0.5,.200,0.4,0.7,.571,.458,0.0,0.2,.000,0.0,0.5,0.5,0.2,0.0,0.0,0.1,0.2,1.1,jeffrda01
249,Trey Jemison,C,24,WAS,2,0,0.5,0.0,0.0,,0.0,0.0,,0.0,0.0,,,0.0,0.0,,0.0,0.5,0.5,0.0,0.0,0.0,0.5,0.0,0.0,jemistr01
250,Ty Jerome,SG,26,CLE,2,0,7.5,1.0,2.0,.500,0.0,0.5,.000,1.0,1.5,.667,.500,0.0,0.0,,0.5,0.0,0.5,1.5,0.0,0.0,0.5,1.0,2.0,jeromty01
251,Isaiah Joe,SG,24,OKC,45,0,19.0,3.0,6.6,.458,2.1,4.9,.425,0.9,1.6,.554,.617,0.7,0.8,.842,0.4,2.0,2.4,1.2,0.6,0.3,0.6,1.2,8.8,joeis01
252,Cameron Johnson,PF,27,BRK,36,36,28.3,5.1,11.3,.452,2.4,6.1,.398,2.7,5.2,.516,.560,1.1,1.6,.714,1.1,3.5,4.6,2.6,0.7,0.2,0.9,1.9,13.8,johnsca02
253,Jalen Johnson,SF,22,ATL,31,28,32.6,6.1,11.1,.551,1.2,3.2,.374,4.9,7.9,.622,.604,2.0,2.7,.735,1.2,6.9,8.1,3.1,1.3,0.8,2.0,2.5,15.4,johnsja05
254,James Johnson,PF,36,IND,5,0,4.8,0.4,1.0,.400,0.0,0.2,.000,0.4,0.8,.500,.400,0.0,0.0,,0.2,0.6,0.8,1.0,0.8,0.0,0.4,0.8,0.8,johnsja01
255,Keldon Johnson,SF,24,SAS,44,26,30.6,6.1,13.5,.451,1.8,5.2,.336,4.3,8.3,.523,.516,2.8,3.7,.776,1.5,4.5,5.9,3.3,0.8,0.3,1.6,2.4,16.7,johnske04
256,Keon Johnson,SG,21,BRK,1,0,21.0,3.0,8.0,.375,2.0,4.0,.500,1.0,4.0,.250,.500,4.0,4.0,1.000,0.0,1.0,1.0,1.0,1.0,1.0,1.0,1.0,12.0,johnske07
257,Keyontae Johnson,SF,23,OKC,5,0,7.0,0.4,1.6,.250,0.0,0.2,.000,0.4,1.4,.286,.250,0.0,0.0,,0.4,0.4,0.8,0.8,0.0,0.0,0.6,0.4,0.8,johnske08
258,Nikola Jokić,C,28,DEN,46,46,33.6,10.2,17.3,.591,1.0,2.8,.366,9.2,14.5,.635,.621,4.8,5.9,.815,3.0,9.0,12.0,8.9,1.1,0.9,2.9,2.6,26.3,jokicni01
259,Colby Jones,SG,21,SAC,15,0,7.3,1.1,2.8,.381,0.1,0.9,.077,1.0,1.9,.517,.393,0.1,0.2,.667,0.6,0.8,1.4,0.6,0.3,0.1,0.3,1.0,2.3,jonesco02
260,Damian Jones,C,28,CLE,20,0,6.3,0.8,1.4,.536,0.1,0.4,.286,0.7,1.1,.619,.571,0.4,0.4,.875,0.4,0.9,1.3,0.4,0.2,0.3,0.3,0.7,2.0,jonesda03
261,Derrick Jones Jr.,SF,26,DAL,43,42,25.8,3.7,7.7,.486,1.4,3.9,.349,2.3,3.7,.631,.576,1.3,1.8,.737,1.2,2.4,3.6,1.0,0.8,0.8,1.0,1.9,10.1,jonesde02
262,Herbert Jones,SF,25,NOP,43,43,28.5,3.9,8.0,.491,1.3,3.5,.387,2.6,4.5,.573,.576,1.8,2.1,.856,1.1,2.5,3.6,2.4,1.1,1.0,1.2,2.8,11.0,joneshe01
263,Tre Jones,PG,24,SAS,41,12,25.3,3.8,7.4,.507,0.6,2.2,.286,3.1,5.2,.601,.549,1.3,1.5,.902,0.7,2.4,3.1,5.6,1.0,0.1,1.4,1.3,9.5,jonestr01
264,Tyus Jones,PG,27,WAS,45,45,28.5,5.2,10.3,.502,1.6,3.8,.414,3.6,6.5,.553,.578,0.5,0.7,.742,0.3,2.6,2.9,6.2,1.2,0.3,0.8,0.8,12.4,jonesty01
265,DeAndre Jordan,C,35,DEN,23,1,12.3,1.7,2.7,.639,0.0,0.0,,1.7,2.7,.639,.639,0.9,2.0,.435,1.8,3.2,5.0,0.8,0.2,0.5,0.8,1.8,4.3,jordade01
266,Cory Joseph,PG,32,GSW,24,0,11.5,0.8,2.3,.339,0.5,1.5,.297,0.3,0.8,.421,.438,0.2,0.3,.571,0.2,1.0,1.2,1.6,0.2,0.1,0.5,0.9,2.2,josepco01
267,Nikola Jović,PF,20,MIA,19,12,16.7,1.9,4.8,.402,1.0,2.4,.422,0.9,2.5,.383,.505,0.6,1.1,.550,0.9,3.4,4.3,1.9,0.3,0.4,0.9,1.9,5.5,jovicni01
268,Johnny Juzang,SG,22,UTA,1,0,4.0,0.0,2.0,.000,0.0,2.0,.000,0.0,0.0,,.000,0.0,0.0,,0.0,0.0,0.0,1.0,0.0,0.0,0.0,0.0,0.0,juzanjo01
269,Luke Kennard,SG,27,MEM,21,9,24.6,3.5,8.1,.433,2.7,6.3,.432,0.8,1.9,.436,.599,0.8,0.9,.895,0.4,2.8,3.2,3.1,0.5,0.0,1.0,1.0,10.6,kennalu01
270,Walker Kessler,C,22,UTA,39,13,23.6,3.8,5.8,.653,0.1,0.4,.250,3.7,5.4,.684,.662,0.7,1.5,.483,2.5,4.9,7.4,0.8,0.5,2.7,1.0,2.2,8.4,kesslwa01
271,Braxton Key,SF,26,DEN,13,0,3.4,0.4,1.1,.357,0.1,0.3,.250,0.3,0.8,.400,.393,0.3,0.4,.800,0.2,0.6,0.8,0.6,0.2,0.0,0.1,0.3,1.2,keybr01
272,Corey Kispert,SF,24,WAS,44,1,21.6,4.0,8.3,.477,1.9,5.1,.363,2.1,3.2,.660,.589,1.4,1.8,.775,0.3,1.9,2.2,1.4,0.3,0.2,1.0,1.5,11.2,kispeco01
273,Maxi Kleber,C,32,DAL,11,2,18.5,1.3,3.6,.350,0.5,2.1,.261,0.7,1.5,.471,.425,0.8,1.2,.692,0.8,2.5,3.3,1.6,0.2,0.6,0.8,2.1,3.9,klebima01
274,Kevin Knox,SF,24,DET,27,9,18.3,2.9,6.2,.467,1.1,3.2,.345,1.8,3.0,.600,.557,0.7,0.8,.905,0.6,1.9,2.4,0.7,0.4,0.3,0.6,1.6,7.6,knoxke01
275,John Konchar,SF,27,MEM,36,7,17.8,1.3,3.3,.395,0.6,2.0,.296,0.7,1.3,.542,.483,0.3,0.3,.750,1.1,2.8,3.9,1.6,0.8,0.9,0.6,1.1,3.4,konchjo01
276,Furkan Korkmaz,SG,26,PHI,29,0,7.1,0.7,1.8,.373,0.2,0.9,.280,0.4,0.9,.462,.441,0.2,0.4,.636,0.0,0.6,0.6,0.6,0.4,0.0,0.3,0.4,1.8,korkmfu01
277,Luke Kornet,C,28,BOS,33,2,15.1,2.2,3.3,.685,0.0,0.0,,2.2,3.3,.685,.685,0.8,0.9,.897,1.8,2.0,3.9,0.9,0.4,1.0,0.5,1.4,5.3,kornelu01
278,Jonathan Kuminga,PF,21,GSW,42,16,23.9,5.5,10.3,.530,0.8,2.6,.324,4.6,7.7,.599,.571,2.8,3.9,.712,1.2,3.3,4.5,1.6,0.6,0.4,1.5,2.2,14.5,kuminjo01
279,Kyle Kuzma,PF,28,WAS,45,45,31.4,8.6,18.8,.457,2.3,6.9,.333,6.3,11.9,.529,.518,2.5,3.2,.789,1.0,5.5,6.5,4.4,0.4,0.6,2.7,2.0,22.0,kuzmaky01
280,Jock Landale,C,28,HOU,27,0,9.2,0.9,2.3,.387,0.1,0.6,.118,0.8,1.7,.489,.403,0.4,0.6,.733,1.3,0.8,2.1,0.6,0.3,0.4,0.4,1.0,2.3,landajo01
281,Jake LaRavia,PF,22,MEM,11,0,11.1,1.5,3.9,.372,0.5,2.2,.208,1.0,1.7,.579,.430,0.3,0.4,.750,0.6,0.8,1.5,0.5,0.1,0.1,0.4,1.7,3.6,laravja01
282,Zach LaVine,SG,28,CHI,25,23,34.9,6.8,15.0,.452,2.4,6.8,.349,4.4,8.3,.536,.531,3.5,4.1,.854,0.3,4.8,5.2,3.9,0.8,0.3,2.1,2.3,19.5,lavinza01
283,A.J. Lawson,SG,23,DAL,21,0,9.4,1.6,3.4,.465,0.6,1.7,.333,1.0,1.7,.600,.549,0.5,0.7,.733,0.4,0.8,1.2,0.6,0.4,0.1,0.5,0.7,4.2,lawsoaj01
284,Saben Lee,PG,24,PHO,11,0,6.8,0.8,1.9,.429,0.0,0.5,.000,0.8,1.5,.563,.429,1.2,1.5,.765,0.5,0.6,1.1,1.1,0.3,0.3,0.5,0.5,2.8,leesa01
285,Alex Len,C,30,SAC,17,0,8.8,1.1,1.7,.621,0.0,0.1,.000,1.1,1.6,.667,.621,0.2,0.6,.400,1.4,1.9,3.3,1.1,0.2,0.5,0.6,1.1,2.4,lenal01
286,Kawhi Leonard,SF,32,LAC,40,40,34.5,8.8,16.8,.525,2.3,5.0,.448,6.6,11.8,.558,.592,3.7,4.2,.881,1.1,5.2,6.2,3.7,1.7,0.9,1.6,1.5,23.6,leonaka01
287,Caris LeVert,SG,29,CLE,33,1,28.7,5.6,13.4,.420,1.9,5.6,.342,3.7,7.8,.475,.491,2.5,3.4,.748,0.5,3.1,3.6,4.2,1.0,0.4,1.5,1.7,15.6,leverca01
288,Kira Lewis Jr.,PG,22,TOT,16,0,9.1,1.0,3.3,.308,0.1,1.3,.100,0.9,2.0,.438,.327,0.6,0.7,.909,0.3,0.6,0.9,1.1,0.3,0.1,0.5,0.6,2.8,lewiski01
289,Kira Lewis Jr.,PG,22,NOP,15,0,9.6,1.1,3.5,.308,0.1,1.3,.100,0.9,2.1,.438,.327,0.7,0.7,.909,0.3,0.7,0.9,1.2,0.3,0.1,0.5,0.5,2.9,lewiski01
290,Kira Lewis Jr.,PG,22,TOR,1,0,2.0,0.0,0.0,,0.0,0.0,,0.0,0.0,,,0.0,0.0,,0.0,0.0,0.0,0.0,0.0,0.0,0.0,1.0,0.0,lewiski01
291,Maxwell Lewis,SF,21,LAL,15,0,4.1,0.1,0.7,.200,0.1,0.2,.333,0.1,0.5,.143,.250,0.0,0.0,,0.1,0.1,0.2,0.2,0.1,0.0,0.3,0.1,0.3,lewisma05
292,E.J. Liddell,PF,23,NOP,8,0,2.9,0.1,0.8,.167,0.0,0.6,.000,0.1,0.1,1.000,.167,0.3,0.3,1.000,0.0,0.6,0.6,0.1,0.3,0.3,0.3,0.3,0.5,liddeej01
293,Damian Lillard,PG,33,MIL,43,43,35.2,7.4,17.5,.423,3.0,8.6,.345,4.4,8.9,.499,.508,7.5,8.1,.922,0.5,3.8,4.3,6.8,1.1,0.1,2.4,1.6,25.3,lillada01
294,Nassir Little,SF,23,PHO,26,2,14.3,1.8,3.7,.484,0.6,2.0,.308,1.2,1.7,.698,.568,0.7,0.8,.850,0.5,1.8,2.3,0.6,0.4,0.3,0.5,1.2,4.8,littlna01
295,Dereck Lively II,C,19,DAL,35,34,25.5,4.1,5.5,.732,0.0,0.1,.000,4.1,5.5,.740,.732,0.8,1.4,.563,2.9,4.9,7.8,1.3,0.6,1.4,1.1,3.0,8.9,livelde01
296,Isaiah Livers,PF,25,DET,23,6,20.4,1.7,5.0,.345,1.0,3.3,.286,0.8,1.7,.462,.440,0.5,0.8,.667,0.7,1.4,2.1,1.1,0.6,0.2,0.7,1.9,5.0,liveris01
297,Chris Livingston,SF,20,MIL,13,0,4.5,0.5,1.0,.538,0.1,0.1,1.000,0.5,0.9,.500,.577,0.2,0.2,1.000,0.2,0.8,1.0,0.3,0.2,0.0,0.2,0.5,1.3,livinch01
298,Kenneth Lofton Jr.,PF,21,TOT,16,0,6.4,0.9,2.4,.359,0.2,0.6,.300,0.7,1.8,.379,.397,0.5,0.9,.533,0.1,0.9,1.1,0.9,0.2,0.2,0.5,0.9,2.4,loftoke01
299,Kenneth Lofton Jr.,PF,21,MEM,15,0,6.6,0.9,2.5,.378,0.2,0.7,.300,0.7,1.8,.407,.419,0.5,1.0,.533,0.1,0.9,1.0,0.9,0.2,0.2,0.4,1.0,2.6,loftoke01
300,Kenneth Lofton Jr.,PF,21,PHI,1,0,4.0,0.0,2.0,.000,0.0,0.0,,0.0,2.0,.000,.000,0.0,0.0,,0.0,2.0,2.0,0.0,0.0,0.0,2.0,0.0,0.0,loftoke01
301,Kevon Looney,C,27,GSW,43,36,19.8,2.3,3.7,.614,0.0,0.0,.000,2.3,3.7,.618,.614,0.9,1.3,.704,2.5,4.4,6.9,2.3,0.5,0.3,0.8,2.4,5.4,looneke01
302,Brook Lopez,C,35,MIL,46,46,31.7,4.9,10.0,.489,1.7,4.9,.338,3.3,5.2,.633,.571,1.5,1.9,.826,1.6,4.0,5.6,1.6,0.6,2.8,1.0,2.7,13.0,lopezbr01
303,Robin Lopez,C,35,MIL,13,0,2.9,0.2,0.6,.375,0.2,0.5,.333,0.1,0.2,.500,.500,0.2,0.2,1.000,0.1,0.2,0.2,0.3,0.0,0.1,0.1,0.3,0.8,lopezro01
304,Kevin Love,PF,35,MIA,35,5,18.2,2.9,6.7,.438,1.5,4.6,.338,1.4,2.1,.653,.553,1.9,2.4,.774,1.1,5.2,6.3,2.4,0.4,0.1,0.8,1.8,9.3,loveke01
305,Kyle Lowry,PG,37,MIA,37,35,28.0,2.8,6.5,.426,1.7,4.4,.385,1.1,2.2,.506,.554,0.9,1.1,.833,0.7,2.8,3.5,4.0,1.1,0.4,1.4,2.5,8.2,lowryky01
306,Seth Lundy,SF,23,ATL,9,0,5.8,0.4,1.9,.235,0.3,1.4,.231,0.1,0.4,.250,.324,0.3,0.4,.750,0.1,0.7,0.8,0.0,0.0,0.0,0.1,0.7,1.6,lundyse01
307,Trey Lyles,PF,28,SAC,30,0,20.0,2.3,5.3,.440,1.5,3.9,.388,0.8,1.4,.581,.582,0.7,1.1,.618,0.9,3.8,4.7,1.3,0.2,0.3,0.6,1.6,6.9,lylestr01
308,Théo Maledon,PG,22,CHO,13,1,15.4,1.5,5.1,.288,0.4,2.3,.167,1.1,2.8,.389,.326,0.8,0.9,.917,0.3,1.5,1.8,2.2,0.5,0.0,1.2,1.4,4.2,maledth01
309,Sandro Mamukelashvili,C,24,SAS,26,0,6.8,0.9,2.3,.407,0.3,1.2,.250,0.6,1.0,.593,.475,0.5,0.6,.750,0.6,1.3,1.9,1.0,0.2,0.3,0.3,0.7,2.6,mamuksa01
310,Terance Mann,SG,27,LAC,38,34,25.1,3.0,6.6,.454,0.9,3.1,.302,2.1,3.5,.586,.524,0.8,1.1,.738,1.2,2.0,3.2,1.8,0.6,0.3,0.6,1.9,7.7,mannte01
311,Tre Mann,PG,22,OKC,13,0,9.2,1.5,3.1,.500,0.6,1.5,.421,0.9,1.6,.571,.600,0.1,0.1,1.000,0.3,1.5,1.8,1.5,0.2,0.0,0.7,0.2,3.8,manntr01
312,Boban Marjanović,C,35,HOU,8,0,5.5,1.0,2.4,.421,0.0,0.3,.000,1.0,2.1,.471,.421,0.1,0.5,.250,0.6,1.6,2.3,0.5,0.0,0.1,0.1,0.5,2.1,marjabo01
313,Lauri Markkanen,PF,26,UTA,37,37,32.6,8.1,16.2,.497,3.3,8.1,.402,4.8,8.1,.594,.598,4.6,5.3,.873,2.4,6.4,8.8,1.9,0.9,0.6,1.2,1.9,24.0,markkla01
314,Naji Marshall,SF,26,NOP,37,1,18.2,2.6,5.8,.447,0.9,2.3,.376,1.7,3.5,.492,.521,1.5,1.9,.783,1.0,2.4,3.4,1.9,0.7,0.2,1.1,1.5,7.5,marshna01
315,Caleb Martin,SF,28,MIA,29,12,26.3,3.9,8.8,.441,1.2,3.2,.383,2.7,5.6,.475,.512,1.4,1.8,.755,1.2,3.5,4.7,2.2,0.8,0.3,1.2,2.0,10.4,martica02
316,Cody Martin,SF,28,CHO,14,8,25.7,2.6,7.2,.356,0.9,2.9,.293,1.7,4.3,.400,.416,0.8,1.5,.524,0.9,2.4,3.3,2.6,1.3,0.8,1.0,1.8,6.8,martico01
317,KJ Martin,SF,23,TOT,30,0,8.1,1.0,2.0,.500,0.0,0.3,.100,1.0,1.7,.580,.508,0.3,0.6,.500,0.2,0.7,1.0,0.5,0.4,0.0,0.3,1.2,2.3,martike04
318,KJ Martin,SF,23,LAC,2,0,15.5,2.0,5.0,.400,0.5,2.5,.200,1.5,2.5,.600,.450,0.5,1.0,.500,0.5,1.0,1.5,0.5,1.0,0.5,1.0,1.5,5.0,martike04
319,KJ Martin,SF,23,PHI,28,0,7.6,0.9,1.8,.520,0.0,0.2,.000,0.9,1.6,.578,.520,0.3,0.6,.500,0.2,0.7,0.9,0.5,0.4,0.0,0.3,1.2,2.1,martike04
320,Garrison Mathews,SG,27,ATL,31,3,13.0,1.3,2.7,.470,1.2,2.5,.462,0.1,0.2,.600,.687,0.1,0.3,.444,0.3,1.0,1.3,0.5,0.3,0.1,0.5,1.6,3.8,mathega01
321,Bennedict Mathurin,SF,21,IND,46,14,25.4,5.0,11.0,.451,1.2,3.5,.356,3.7,7.6,.494,.507,2.9,3.5,.831,1.1,2.7,3.8,2.0,0.5,0.2,1.6,1.9,14.1,mathube01
322,Wesley Matthews,SG,37,ATL,19,1,11.2,0.5,2.1,.256,0.3,1.6,.200,0.2,0.5,.444,.333,0.7,1.0,.737,0.2,1.2,1.4,0.6,0.5,0.2,0.3,1.4,2.1,matthwe02
323,Tyrese Maxey,PG,23,PHI,42,42,37.5,8.8,19.7,.448,3.1,8.2,.373,5.7,11.4,.502,.526,5.0,5.8,.864,0.6,3.0,3.6,6.6,1.0,0.5,1.6,2.1,25.7,maxeyty01
324,Skylar Mays,PG-SG,26,TOT,24,5,15.9,2.5,6.2,.399,0.7,2.1,.314,1.8,4.0,.443,.453,0.5,0.7,.765,0.4,1.2,1.6,3.3,0.7,0.1,0.8,1.0,6.1,mayssk01
325,Skylar Mays,PG,26,POR,21,5,17.0,2.5,6.6,.384,0.7,2.3,.286,1.9,4.2,.438,.435,0.6,0.8,.765,0.4,1.3,1.8,3.6,0.7,0.1,0.9,1.0,6.3,mayssk01
326,Skylar Mays,SG,26,LAL,3,0,8.7,2.0,3.3,.600,0.7,0.7,1.000,1.3,2.7,.500,.700,0.0,0.0,,0.3,0.3,0.7,1.3,0.7,0.0,0.0,1.0,4.7,mayssk01
327,Miles McBride,PG,23,NYK,33,2,9.8,1.7,3.7,.463,1.1,2.3,.467,0.7,1.5,.458,.606,0.3,0.4,.786,0.1,0.6,0.7,0.9,0.4,0.1,0.3,1.0,4.8,mcbrimi01
328,CJ McCollum,PG,32,NOP,32,32,31.8,6.8,14.8,.464,3.5,7.9,.440,3.4,6.9,.491,.582,2.1,2.6,.795,0.6,3.7,4.3,4.9,1.2,0.8,1.6,2.2,19.2,mccolcj01
329,T.J. McConnell,PG,31,IND,38,3,17.0,3.5,6.7,.525,0.1,0.4,.118,3.5,6.3,.555,.529,0.9,1.2,.750,0.5,2.1,2.6,5.5,1.1,0.1,1.5,1.1,8.0,mccontj01
330,Jaden McDaniels,SF,23,MIN,36,35,28.8,4.4,8.6,.516,1.3,3.3,.381,3.2,5.3,.599,.589,0.7,0.9,.765,0.6,2.0,2.7,1.3,0.9,0.5,1.2,3.1,10.9,mcdanja02
331,Jalen McDaniels,SF,26,TOR,28,0,8.8,1.1,3.2,.333,0.3,1.6,.178,0.8,1.6,.489,.378,0.5,0.7,.700,0.3,0.9,1.2,0.5,0.4,0.1,0.3,0.9,2.9,mcdanja01
332,Doug McDermott,SF,32,SAS,41,0,15.5,2.1,4.7,.448,1.7,3.8,.448,0.4,0.9,.447,.628,0.2,0.4,.667,0.2,0.9,1.0,1.3,0.2,0.0,0.6,1.0,6.1,mcderdo01
333,JaVale McGee,C,36,SAC,34,0,8.2,1.9,3.0,.641,0.0,0.1,.000,1.9,2.9,.660,.641,0.7,1.2,.625,0.9,2.0,2.9,0.4,0.3,0.6,0.9,1.1,4.6,mcgeeja01
334,Bryce McGowens,SG,21,CHO,35,10,16.5,1.8,4.0,.450,0.7,1.9,.373,1.1,2.1,.521,.539,0.8,1.1,.744,0.3,1.4,1.7,0.9,0.3,0.1,0.6,1.4,5.1,mcgowbr01
335,Jordan McLaughlin,PG,27,MIN,25,0,8.9,0.9,2.3,.386,0.4,1.2,.355,0.4,1.0,.423,.482,0.1,0.2,.500,0.3,0.7,1.0,1.7,0.7,0.2,0.4,0.4,2.3,mclaujo01
336,De'Anthony Melton,SG,25,PHI,33,33,29.1,3.9,9.9,.393,2.1,5.8,.363,1.8,4.1,.437,.500,1.9,2.3,.827,0.8,3.2,4.0,3.2,1.6,0.5,1.2,2.4,11.8,meltode01
337,Nathan Mensah,C,25,CHO,19,0,13.7,0.5,1.2,.435,0.0,0.0,,0.5,1.2,.435,.435,0.5,0.6,.750,1.3,1.7,3.0,0.5,0.3,0.6,0.7,2.9,1.5,mensana01
338,Sam Merrill,SG,27,CLE,28,0,16.6,3.0,6.9,.430,2.5,5.9,.428,0.4,1.0,.444,.614,0.4,0.4,.909,0.5,1.6,2.1,1.6,0.3,0.0,0.4,1.3,8.8,merrisa01
339,Chimezie Metu,C,26,PHO,34,5,12.7,1.9,3.7,.508,0.4,1.5,.294,1.4,2.2,.653,.567,1.1,1.3,.884,0.7,2.4,3.1,0.5,0.5,0.3,0.7,1.1,5.3,metuch01
340,Vasilije Micić,PG,30,OKC,25,0,12.1,1.2,3.0,.413,0.4,1.4,.250,0.9,1.6,.564,.473,0.4,0.6,.786,0.0,0.7,0.8,2.4,0.4,0.1,0.8,0.9,3.3,micicva01
341,Khris Middleton,SF,32,MIL,39,39,26.1,5.6,11.7,.482,1.7,4.5,.373,3.9,7.2,.552,.555,1.9,2.3,.835,0.6,3.7,4.3,5.0,0.9,0.3,2.1,2.3,14.9,middlkh01
342,Brandon Miller,SF,21,CHO,38,32,30.6,5.5,12.9,.429,2.1,5.6,.374,3.4,7.3,.471,.510,1.6,2.0,.813,0.8,3.0,3.9,2.3,0.7,0.4,1.6,2.7,14.7,millebr02
343,Jordan Miller,SF,24,LAC,4,0,4.0,0.8,1.3,.600,0.3,0.3,1.000,0.5,1.0,.500,.700,0.0,0.0,,0.5,0.3,0.8,0.0,0.0,0.0,0.3,0.5,1.8,millejo02
344,Leonard Miller,SF,20,MIN,5,0,3.8,1.2,1.8,.667,0.2,0.6,.333,1.0,1.2,.833,.722,0.0,0.0,,0.0,1.8,1.8,0.2,0.2,0.2,0.2,0.6,2.6,millele01
345,Dariq Whitehead,SF,19,BRK,2,0,12.0,0.5,2.5,.200,0.0,1.5,.000,0.5,1.0,.500,.200,0.5,1.0,.500,0.0,2.0,2.0,1.5,0.0,0.5,0.0,0.0,1.5,whiteda01
346,Patty Mills,PG,35,ATL,14,0,11.4,1.3,3.0,.429,0.9,1.9,.481,0.4,1.1,.333,.583,0.0,0.0,,0.2,0.7,0.9,0.9,0.4,0.1,0.5,1.1,3.5,millspa02
347,Shake Milton,SG,27,MIN,36,0,13.3,1.7,4.3,.403,0.4,1.5,.264,1.3,2.8,.475,.448,1.0,1.2,.818,0.2,1.2,1.4,1.4,0.4,0.1,0.8,1.2,4.8,miltosh01
348,Justin Minaya,SF,24,POR,12,0,9.6,0.5,1.7,.300,0.3,1.1,.231,0.3,0.6,.429,.375,0.3,0.5,.500,0.4,0.7,1.1,0.4,0.3,0.4,0.3,0.8,1.5,minayju01
349,Josh Minott,SF,21,MIN,15,0,3.1,0.5,1.2,.444,0.0,0.3,.000,0.5,0.9,.615,.444,0.7,0.8,.833,0.1,0.1,0.2,0.2,0.1,0.2,0.1,0.4,1.7,minotjo01
350,Davion Mitchell,PG,25,SAC,34,3,12.4,1.4,3.6,.371,0.5,1.9,.266,0.9,1.8,.483,.440,0.4,0.5,.722,0.2,0.8,1.0,1.8,0.2,0.1,0.5,1.1,3.6,mitchda01
351,Donovan Mitchell,SG,27,CLE,34,34,35.6,9.7,21.1,.460,3.1,9.0,.349,6.6,12.1,.543,.534,5.2,6.0,.863,1.0,4.5,5.5,6.1,1.9,0.4,2.9,2.2,27.7,mitchdo01
352,Evan Mobley,PF,22,CLE,21,21,33.6,6.8,11.8,.573,0.1,0.5,.200,6.7,11.3,.588,.577,2.4,3.1,.769,2.7,7.8,10.5,2.9,0.8,1.7,2.3,2.9,16.0,mobleev01
353,Isaiah Mobley,PF,24,CLE,3,0,4.7,0.7,1.3,.500,0.3,0.7,.500,0.3,0.7,.500,.625,0.0,0.0,,0.0,0.7,0.7,1.3,0.3,0.0,0.3,0.7,1.7,mobleis01
354,Malik Monk,SG,25,SAC,43,0,25.7,5.0,11.4,.436,2.4,6.2,.385,2.6,5.2,.496,.540,2.4,2.9,.816,0.4,2.2,2.6,5.5,0.6,0.7,2.1,1.9,14.7,monkma01
355,Moses Moody,SG,21,GSW,34,4,18.0,3.1,6.5,.482,1.1,3.1,.358,2.0,3.4,.595,.568,1.3,1.7,.789,1.1,2.0,3.1,0.8,0.7,0.3,0.7,1.4,8.7,moodymo01
356,Xavier Moon,SG,29,LAC,2,0,6.0,0.5,1.0,.500,0.0,0.5,.000,0.5,0.5,1.000,.500,0.0,0.0,,0.0,1.0,1.0,1.5,0.0,0.0,0.5,0.5,1.0,moonxa01
357,Taze Moore,SG,25,POR,2,0,2.5,1.0,2.0,.500,0.0,1.0,.000,1.0,1.0,1.000,.500,0.0,0.0,,0.0,0.0,0.0,0.0,0.5,0.0,0.0,1.0,2.0,mooreta02
358,Wendell Moore Jr.,SG,22,MIN,11,0,2.8,0.3,0.5,.600,0.0,0.2,.000,0.3,0.3,1.000,.600,0.0,0.0,,0.0,0.3,0.3,0.1,0.4,0.1,0.2,0.3,0.5,moorewe01
359,Ja Morant,PG,24,MEM,9,9,35.3,8.9,18.9,.471,1.6,5.7,.275,7.3,13.2,.555,.512,5.8,7.1,.813,0.7,4.9,5.6,8.1,0.8,0.6,3.0,2.1,25.1,moranja01
360,Marcus Morris,PF,34,PHI,34,6,16.8,2.4,5.4,.443,1.0,2.4,.402,1.4,3.0,.475,.533,0.9,1.0,.853,0.5,2.4,2.9,0.7,0.3,0.3,0.4,1.7,6.6,morrima03
361,Markieff Morris,PF,34,DAL,16,1,9.4,0.9,2.9,.319,0.6,1.8,.321,0.4,1.2,.316,.415,0.2,0.3,.750,0.3,1.5,1.8,0.7,0.3,0.1,0.6,0.7,2.6,morrima02
362,Monte Morris,PG,28,DET,2,0,9.5,1.5,4.0,.375,0.5,1.5,.333,1.0,2.5,.400,.438,0.5,1.0,.500,0.0,2.0,2.0,1.5,0.0,0.5,0.5,0.5,4.0,morrimo01
363,Trey Murphy III,SF,23,NOP,21,3,25.7,4.2,9.9,.428,2.5,7.0,.363,1.7,3.0,.581,.555,1.9,2.4,.780,0.4,3.4,3.8,2.0,0.7,0.3,0.5,1.2,12.9,murphtr02
364,Dejounte Murray,SG,27,ATL,45,45,34.8,8.2,17.5,.469,2.4,6.2,.388,5.8,11.4,.513,.537,2.6,3.1,.830,0.7,4.3,5.0,5.1,1.3,0.3,2.2,1.7,21.4,murrade01
365,Jamal Murray,PG,26,DEN,33,33,31.4,7.8,16.5,.475,2.4,5.8,.415,5.4,10.7,.509,.549,2.8,3.3,.853,0.6,3.3,3.9,6.5,0.8,0.6,2.0,2.0,20.9,murraja01
366,Keegan Murray,SF,23,SAC,40,40,33.1,6.1,13.1,.465,2.4,6.6,.363,3.7,6.5,.567,.555,1.5,1.9,.787,1.4,4.2,5.5,1.6,1.2,0.6,0.8,2.6,16.0,murrake02
367,Kris Murray,SF,23,POR,27,0,12.5,1.3,3.6,.371,0.6,1.9,.294,0.8,1.7,.457,.448,0.3,0.4,.667,0.7,1.2,1.9,0.6,0.8,0.1,0.5,0.8,3.5,murrakr01
368,Mike Muscala,C,32,TOT,29,2,14.1,1.4,3.7,.370,0.7,2.3,.303,0.7,1.4,.476,.463,0.6,0.8,.727,0.9,2.1,3.1,1.0,0.2,0.4,0.6,1.3,4.0,muscami01
369,Mike Muscala,C,32,WAS,24,2,14.1,1.4,3.8,.367,0.6,2.1,.275,0.8,1.6,.487,.444,0.6,0.8,.750,0.9,2.2,3.1,0.9,0.2,0.3,0.7,1.3,4.0,muscami01
370,Mike Muscala,C,32,DET,5,0,14.0,1.4,3.6,.389,1.2,3.0,.400,0.2,0.6,.333,.556,0.2,0.4,.500,1.0,1.8,2.8,1.2,0.2,0.8,0.2,1.6,4.2,muscami01
371,Svi Mykhailiuk,SF,26,BOS,21,0,7.7,0.9,2.8,.328,0.7,2.2,.298,0.2,0.5,.455,.448,0.1,0.3,.500,0.2,0.6,0.9,0.3,0.3,0.0,0.3,0.5,2.6,mykhasv01
372,Larry Nance Jr.,C,31,NOP,29,0,17.8,2.3,3.9,.588,0.6,1.2,.486,1.7,2.7,.633,.662,0.8,1.0,.800,1.3,3.9,5.2,1.3,1.0,0.4,0.8,1.2,6.0,nancela02
373,Pete Nance,PF,23,CLE,2,0,2.0,0.0,1.0,.000,0.0,0.0,,0.0,1.0,.000,.000,0.0,0.0,,0.0,0.0,0.0,0.0,0.0,0.0,0.0,0.0,0.0,nancepe01
374,Andrew Nembhard,PG,24,IND,32,14,21.4,3.8,7.7,.500,0.7,2.1,.333,3.2,5.6,.561,.545,0.7,0.8,.778,0.6,1.1,1.7,4.5,0.9,0.1,2.0,2.0,9.0,nembhan01
375,Aaron Nesmith,SF,24,IND,41,16,26.0,4.3,8.4,.514,2.1,4.6,.463,2.2,3.9,.576,.640,1.2,1.7,.710,0.9,2.7,3.6,1.2,1.0,0.7,0.9,3.2,12.0,nesmiaa01
376,Georges Niang,PF,30,CLE,43,1,22.3,3.5,7.9,.442,1.8,4.9,.368,1.7,3.0,.567,.558,0.7,0.8,.853,0.3,3.5,3.8,1.2,0.3,0.2,0.8,2.4,9.5,niangge01
377,Daishen Nix,PG,21,MIN,6,0,3.5,0.5,1.3,.375,0.3,0.8,.400,0.2,0.5,.333,.500,0.0,0.3,.000,0.0,0.2,0.2,0.0,0.2,0.0,0.0,0.0,1.3,nixda01
378,Zeke Nnaji,PF,23,DEN,36,0,9.4,1.1,2.4,.466,0.1,0.4,.313,1.0,2.0,.500,.494,0.7,1.1,.641,1.1,1.0,2.1,0.5,0.3,0.6,0.6,1.5,3.1,nnajize01
379,Jaylen Nowell,SG,24,MEM,9,1,17.3,2.4,6.1,.400,0.4,2.6,.174,2.0,3.6,.563,.436,0.3,0.3,1.000,0.3,1.2,1.6,1.8,0.3,0.0,0.6,1.4,5.7,nowelja01
380,Markquis Nowell,SG,24,TOR,1,0,4.0,0.0,1.0,.000,0.0,0.0,,0.0,1.0,.000,.000,2.0,2.0,1.000,2.0,0.0,2.0,2.0,1.0,0.0,0.0,0.0,2.0,nowelma01
381,Frank Ntilikina,PG,25,CHO,3,0,7.3,0.3,1.3,.250,0.3,1.3,.250,0.0,0.0,,.375,0.7,0.7,1.000,0.0,0.3,0.3,0.3,0.0,0.0,0.3,0.3,1.7,ntilila01
382,Jusuf Nurkić,C,29,PHO,43,43,27.4,4.4,8.9,.495,0.5,1.8,.269,3.9,7.1,.553,.522,2.3,3.2,.717,2.6,7.7,10.3,3.6,1.0,1.0,2.0,3.3,11.6,nurkiju01
383,Jordan Nwora,SF,25,TOT,20,0,9.8,1.9,4.3,.442,0.6,2.0,.300,1.3,2.3,.565,.512,0.5,0.6,.818,0.5,1.3,1.7,1.0,0.3,0.1,0.7,1.0,4.9,nworajo01
384,Jordan Nwora,SF,25,IND,18,0,10.2,2.1,4.6,.451,0.6,2.0,.306,1.4,2.6,.565,.518,0.5,0.6,.818,0.4,1.4,1.8,1.0,0.3,0.1,0.7,1.1,5.2,nworajo01
385,Jordan Nwora,SF,25,TOR,2,0,6.0,0.5,2.0,.250,0.5,2.0,.250,0.0,0.0,,.375,0.0,0.0,,0.5,0.0,0.5,0.5,0.0,0.0,1.0,0.5,1.5,nworajo01
386,Royce O'Neale,SF,30,BRK,44,6,24.5,2.4,6.4,.379,1.9,5.2,.358,0.6,1.2,.472,.525,0.3,0.5,.650,0.8,3.8,4.6,2.9,0.7,0.6,1.1,2.4,7.0,onealro01
387,Chuma Okeke,SF,25,ORL,27,8,13.2,1.3,3.4,.387,0.8,2.6,.319,0.5,0.9,.583,.505,0.1,0.2,.400,0.7,2.0,2.6,0.6,0.3,0.3,0.4,0.6,3.6,okekech01
388,Josh Okogie,SG,25,PHO,39,11,18.4,1.5,3.9,.388,0.4,1.8,.239,1.1,2.1,.519,.444,1.6,2.1,.735,1.3,1.5,2.8,1.3,0.9,0.5,0.6,1.5,5.0,okogijo01
389,Onyeka Okongwu,C,23,ATL,44,3,24.8,3.6,6.1,.584,0.3,1.1,.286,3.3,5.0,.650,.610,1.7,2.1,.809,2.5,4.2,6.8,1.4,0.4,1.0,0.9,3.0,9.2,okongon01
390,Isaac Okoro,SF,23,CLE,34,23,26.2,3.1,6.4,.486,0.9,2.5,.357,2.2,3.9,.567,.555,1.5,2.2,.658,1.3,2.0,3.3,1.9,0.8,0.4,0.8,2.2,8.6,okorois01
391,Kelly Olynyk,C,32,UTA,45,8,20.6,3.0,5.3,.565,0.8,1.8,.430,2.2,3.6,.631,.636,1.4,1.7,.842,1.3,3.8,5.1,4.4,0.8,0.3,1.7,2.8,8.2,olynyke01
392,Eugene Omoruyi,SF,26,WAS,19,0,5.8,1.7,2.9,.582,0.3,0.9,.294,1.4,2.0,.711,.627,0.8,1.1,.762,0.6,0.9,1.5,0.6,0.5,0.1,0.5,1.1,4.5,omorueu01
393,Cedi Osman,SF,28,SAS,46,1,17.7,2.7,5.6,.480,1.1,3.1,.362,1.6,2.5,.626,.580,0.7,1.0,.674,0.4,2.2,2.6,1.8,0.5,0.2,0.6,1.5,7.1,osmande01
394,Kelly Oubre Jr.,SF,28,PHI,32,21,27.4,4.8,10.2,.469,1.6,4.4,.355,3.2,5.8,.557,.546,1.7,2.4,.714,0.9,3.2,4.2,1.1,1.2,0.5,0.9,2.8,12.8,oubreke01
395,Chris Paul,PG,38,GSW,32,11,27.6,3.3,7.7,.424,1.3,3.7,.361,1.9,3.9,.484,.512,1.1,1.3,.833,0.3,3.5,3.8,7.2,1.1,0.1,1.2,1.8,8.9,paulch01
396,Cameron Payne,PG,29,MIL,42,2,15.2,2.3,4.8,.470,1.2,2.9,.408,1.1,2.0,.561,.592,0.8,1.0,.875,0.1,1.1,1.2,2.3,0.4,0.1,0.7,1.6,6.5,payneca01
397,Gary Payton II,SG,31,GSW,16,0,16.3,2.3,4.9,.456,0.6,2.0,.281,1.7,2.9,.574,.513,0.4,0.6,.667,1.0,2.0,3.0,0.8,1.1,0.3,0.6,1.8,5.4,paytoga02
398,Drew Peterson,PF,24,BOS,1,0,3.0,1.0,1.0,1.000,1.0,1.0,1.000,0.0,0.0,,1.500,0.0,0.0,,0.0,0.0,0.0,1.0,0.0,0.0,0.0,1.0,3.0,peterdr01
399,Filip Petrušev,C,23,TOT,3,0,3.3,0.3,0.7,.500,0.0,0.0,,0.3,0.7,.500,.500,0.3,0.7,.500,0.0,0.3,0.3,0.0,0.0,0.0,0.0,0.3,1.0,petrufi01
400,Filip Petrušev,C,23,PHI,1,0,3.0,0.0,0.0,,0.0,0.0,,0.0,0.0,,,0.0,0.0,,0.0,1.0,1.0,0.0,0.0,0.0,0.0,0.0,0.0,petrufi01
401,Filip Petrušev,C,23,SAC,2,0,3.5,0.5,1.0,.500,0.0,0.0,,0.5,1.0,.500,.500,0.5,1.0,.500,0.0,0.0,0.0,0.0,0.0,0.0,0.0,0.5,1.5,petrufi01
402,Julian Phillips,SF,20,CHI,22,0,4.5,0.4,1.1,.333,0.0,0.5,.083,0.3,0.5,.583,.354,0.0,0.2,.250,0.1,0.4,0.5,0.3,0.0,0.1,0.1,0.5,0.8,phillju01
403,Jalen Pickett,SG,24,DEN,16,0,6.1,0.8,1.8,.429,0.4,1.3,.350,0.3,0.5,.625,.554,0.1,0.1,1.000,0.1,0.6,0.7,0.8,0.2,0.0,0.4,0.5,2.1,pickeja02
404,Scotty Pippen Jr.,PG,23,MEM,2,0,14.5,3.0,4.5,.667,0.5,0.5,1.000,2.5,4.0,.625,.722,2.5,2.5,1.000,0.5,3.0,3.5,3.5,0.0,0.0,1.5,0.5,9.0,pippesc02
405,Mason Plumlee,C,33,LAC,14,5,17.0,2.4,3.6,.667,0.0,0.0,,2.4,3.6,.667,.667,1.4,2.4,.588,1.3,4.0,5.3,1.2,0.4,0.4,0.5,1.3,6.3,plumlma01
406,Brandin Podziemski,SG,20,GSW,37,10,24.6,3.6,7.9,.462,1.3,3.3,.388,2.4,4.6,.515,.543,0.6,1.0,.622,1.5,3.9,5.4,3.2,0.9,0.1,1.2,1.9,9.2,podzibr01
407,Jakob Poeltl,C,28,TOR,36,36,26.5,4.7,6.9,.685,0.0,0.0,,4.7,6.9,.685,.685,1.2,2.2,.532,2.8,5.6,8.3,2.5,0.7,1.4,1.6,2.9,10.6,poeltja01
408,Aleksej Pokusevski,PF,22,OKC,8,0,6.0,0.4,1.6,.231,0.1,1.1,.111,0.3,0.5,.500,.269,0.1,0.3,.500,0.3,0.9,1.1,0.6,0.0,0.1,0.4,0.6,1.0,pokusal01
409,Jordan Poole,SG,24,WAS,44,44,29.1,5.9,14.3,.413,2.0,6.3,.314,3.9,8.0,.490,.482,2.8,3.2,.871,0.4,1.8,2.2,3.4,1.0,0.3,2.2,3.1,16.5,poolejo01
410,Craig Porter Jr.,PG,23,CLE,29,5,15.9,2.9,5.7,.512,0.2,0.7,.333,2.7,4.9,.538,.534,1.1,1.6,.696,0.5,2.2,2.7,3.1,0.6,0.4,1.1,1.0,7.1,portecr01
411,Jontay Porter,PF,24,TOR,12,5,14.7,1.6,4.6,.345,0.7,2.4,.276,0.9,2.2,.423,.418,0.7,0.7,1.000,1.0,2.3,3.3,2.1,0.7,0.9,0.7,1.8,4.5,portejo01
412,Michael Porter Jr.,SF,25,DEN,47,47,31.2,6.1,12.8,.479,2.7,6.8,.399,3.4,6.0,.571,.586,1.0,1.3,.770,1.3,5.7,7.0,1.4,0.5,0.7,1.1,2.0,16.0,portemi01
413,Otto Porter Jr.,SF,30,TOR,15,1,11.6,0.9,2.2,.424,0.5,1.5,.348,0.4,0.7,.600,.545,0.2,0.2,1.000,0.4,1.5,1.9,0.5,0.3,0.3,0.1,1.3,2.6,porteot01
414,Bobby Portis,PF,28,MIL,46,0,23.3,5.0,9.9,.507,1.1,2.9,.379,3.9,7.0,.559,.561,1.3,1.7,.776,1.5,5.2,6.7,1.0,0.7,0.4,0.9,2.5,12.4,portibo01
415,Kristaps Porziņģis,C,28,BOS,33,33,29.7,6.5,12.2,.529,1.8,5.1,.359,4.6,7.2,.648,.603,4.8,5.7,.840,1.6,5.1,6.7,2.0,0.7,1.8,1.6,2.9,19.5,porzikr01
416,Micah Potter,PF,25,UTA,2,0,3.5,0.0,0.5,.000,0.0,0.5,.000,0.0,0.0,,.000,0.0,0.0,,0.0,2.0,2.0,0.0,0.0,0.0,0.0,0.0,0.0,pottemi01
417,Dwight Powell,C,32,DAL,39,8,16.0,1.6,2.2,.709,0.0,0.1,.500,1.5,2.2,.714,.715,1.4,1.9,.753,1.8,2.1,3.9,1.7,0.6,0.4,0.5,2.2,4.6,poweldw01
418,Norman Powell,SG,30,LAC,44,0,25.3,4.7,9.5,.495,2.0,4.5,.442,2.7,4.9,.544,.601,2.0,2.3,.870,0.1,2.4,2.5,1.0,0.6,0.4,0.9,1.8,13.3,powelno01
419,Joshua Primo,SG,21,LAC,1,0,5.0,1.0,2.0,.500,0.0,1.0,.000,1.0,1.0,1.000,.500,0.0,0.0,,0.0,0.0,0.0,0.0,0.0,1.0,3.0,0.0,2.0,primojo01
420,Taurean Prince,PF,29,LAL,44,44,30.5,3.5,8.1,.427,2.1,5.4,.389,1.3,2.7,.504,.558,0.7,0.9,.744,0.3,2.6,2.9,1.8,0.9,0.5,0.9,2.3,9.7,princta02
421,Payton Pritchard,PG,26,BOS,46,0,21.2,2.8,6.7,.425,1.7,4.5,.380,1.2,2.2,.515,.552,0.6,0.7,.794,1.0,2.3,3.3,3.0,0.4,0.1,0.6,1.2,8.0,pritcpa01
422,Olivier-Maxence Prosper,PF,21,DAL,24,0,9.1,0.9,2.6,.349,0.3,1.3,.258,0.6,1.3,.438,.413,0.8,1.1,.704,0.6,1.5,2.2,0.8,0.1,0.1,0.2,0.7,3.0,prospol01
423,Trevelin Queen,SG,26,ORL,11,0,13.9,1.3,3.2,.400,0.3,1.4,.200,1.0,1.8,.550,.443,0.8,1.1,.750,0.3,1.4,1.6,1.6,0.6,0.5,0.6,1.3,3.6,queentr01
424,Neemias Queta,C,24,BOS,18,0,12.4,1.9,3.2,.586,0.0,0.0,,1.9,3.2,.586,.586,0.8,1.0,.778,1.9,2.6,4.4,0.4,0.4,0.6,0.3,2.1,4.6,quetane01
425,Immanuel Quickley,SG-PG,24,TOT,42,12,26.2,5.2,11.9,.440,2.3,5.6,.410,2.9,6.3,.466,.536,2.8,3.2,.866,0.2,2.9,3.1,3.5,0.6,0.1,1.1,1.6,15.5,quickim01
426,Immanuel Quickley,SG,24,NYK,30,0,24.0,5.1,11.2,.454,2.1,5.4,.395,2.9,5.8,.509,.549,2.7,3.1,.872,0.2,2.4,2.6,2.5,0.5,0.1,1.0,1.5,15.0,quickim01
427,Immanuel Quickley,PG,24,TOR,12,12,31.8,5.6,13.6,.411,2.7,6.0,.444,2.9,7.6,.385,.509,2.8,3.3,.850,0.3,4.3,4.6,6.1,0.8,0.2,1.4,2.0,16.7,quickim01
428,Lester Quinones,SG,23,GSW,9,0,6.3,1.0,2.6,.391,0.6,1.4,.385,0.4,1.1,.400,.500,0.1,0.2,.500,0.4,0.9,1.3,0.6,0.1,0.1,0.6,0.7,2.7,quinole01
429,Julius Randle,PF,29,NYK,46,46,35.4,8.6,18.2,.472,1.7,5.3,.311,6.9,12.9,.539,.518,5.1,6.6,.781,2.2,7.0,9.2,5.0,0.5,0.3,3.5,2.7,24.0,randlju01
430,Duop Reath,C,27,POR,33,11,18.1,3.5,7.2,.477,1.4,3.7,.372,2.1,3.6,.585,.571,1.1,1.4,.783,1.5,2.6,4.0,1.2,0.5,0.5,0.8,2.4,9.4,reathdu01
431,Austin Reaves,SG,25,LAL,47,22,30.6,5.2,10.8,.486,1.6,4.5,.343,3.7,6.2,.590,.558,3.0,3.5,.877,0.8,3.3,4.1,5.2,0.9,0.1,2.1,1.9,15.1,reaveau01
432,Cam Reddish,SF,24,LAL,35,26,23.3,2.4,5.9,.405,0.9,2.7,.337,1.5,3.1,.464,.483,1.0,1.3,.783,0.5,1.9,2.4,1.3,1.2,0.3,0.9,1.6,6.7,reddica01
433,Paul Reed,C,24,PHI,44,9,16.0,2.7,4.8,.561,0.2,0.6,.360,2.5,4.3,.588,.583,0.6,0.8,.722,1.9,3.0,4.9,1.1,0.7,0.7,0.8,2.3,6.2,reedpa01
434,Naz Reid,C,24,MIN,46,0,22.4,4.7,9.5,.493,1.9,4.7,.408,2.8,4.8,.577,.595,1.1,1.4,.785,1.0,3.5,4.5,1.0,0.7,0.7,1.3,2.0,12.4,reidna01
435,Jared Rhoden,SG,24,DET,5,0,6.0,1.0,1.8,.556,0.2,0.8,.250,0.8,1.0,.800,.611,0.4,0.4,1.000,0.2,0.6,0.8,0.6,0.0,0.0,0.4,0.8,2.6,rhodeja01
436,Nick Richards,C,26,CHO,35,22,24.8,3.8,5.5,.684,0.0,0.0,,3.8,5.5,.684,.684,2.1,2.8,.758,2.6,5.2,7.8,0.8,0.3,1.4,0.9,2.7,9.7,richani01
437,Josh Richardson,SG,30,MIA,36,5,25.9,3.4,8.0,.432,1.4,4.3,.333,2.0,3.7,.545,.521,1.3,1.3,.938,0.4,2.3,2.7,2.5,0.6,0.4,0.9,1.8,9.6,richajo01
438,Duncan Robinson,SF,29,MIA,44,17,28.1,4.7,10.3,.453,2.8,7.0,.405,1.9,3.4,.550,.589,1.3,1.5,.879,0.3,2.3,2.5,2.9,0.6,0.2,1.4,2.3,13.5,robindu01
439,Jerome Robinson,SG,26,GSW,7,0,3.7,0.0,1.3,.000,0.0,0.7,.000,0.0,0.6,.000,.000,0.6,0.9,.667,0.1,0.3,0.4,0.3,0.0,0.1,0.0,0.1,0.6,robinje01
440,Mitchell Robinson,C,25,NYK,21,21,29.2,2.8,4.7,.592,0.0,0.0,,2.8,4.7,.592,.592,0.7,1.8,.368,5.3,5.0,10.3,0.7,1.5,1.3,1.0,1.9,6.2,robinmi01
441,Orlando Robinson,C,23,MIA,20,7,11.5,1.6,3.0,.517,0.4,0.6,.583,1.2,2.4,.500,.575,0.7,1.0,.700,1.0,2.2,3.1,1.4,0.3,0.4,0.7,1.5,4.2,robinor01
442,Jeremiah Robinson-Earl,PF,23,NOP,19,1,10.8,1.6,3.0,.526,0.4,1.1,.381,1.2,1.9,.611,.596,0.5,0.6,.909,0.7,1.8,2.5,0.5,0.4,0.2,0.5,0.7,4.1,robinje02
443,David Roddy,PF,22,MEM,42,10,22.5,3.0,7.5,.406,1.0,3.1,.315,2.1,4.4,.470,.471,0.9,1.2,.706,1.1,2.9,4.0,1.5,0.5,0.2,1.0,1.4,7.9,roddyda01
444,Ryan Rollins,PG,21,WAS,10,0,6.6,1.3,2.5,.520,0.2,0.3,.667,1.1,2.2,.500,.560,1.3,1.7,.765,0.2,0.9,1.1,1.1,0.8,0.3,0.7,0.7,4.1,rolliry01
445,Derrick Rose,PG,35,MEM,17,7,17.9,3.3,7.5,.438,0.6,1.9,.333,2.6,5.6,.474,.480,1.1,1.2,.905,0.4,1.4,1.8,3.4,0.4,0.1,1.3,1.1,8.4,rosede01
446,Terry Rozier,SG-PG,29,TOT,33,32,35.0,7.9,17.6,.450,2.6,7.4,.350,5.4,10.3,.522,.523,3.4,4.0,.850,0.6,3.3,3.9,6.5,1.1,0.4,2.1,1.7,21.9,roziete01
447,Terry Rozier,SG,29,CHO,30,30,35.5,8.4,18.3,.459,2.8,7.7,.358,5.6,10.6,.533,.535,3.6,4.3,.845,0.6,3.3,3.9,6.6,1.1,0.4,2.2,1.7,23.2,roziete01
448,Terry Rozier,PG,29,MIA,3,2,30.0,3.3,11.0,.303,0.7,3.7,.182,2.7,7.3,.364,.333,1.3,1.3,1.000,0.7,3.0,3.7,5.0,1.0,0.0,1.7,1.7,8.7,roziete01
449,Rayan Rupert,SG,19,POR,15,0,7.6,1.0,2.7,.366,0.5,1.1,.412,0.5,1.6,.333,.451,0.3,0.5,.625,0.4,0.9,1.3,0.7,0.1,0.0,0.4,0.5,2.8,ruperra01
450,D'Angelo Russell,PG,27,LAL,43,36,30.5,6.4,13.3,.480,2.6,6.0,.429,3.8,7.3,.522,.577,1.8,2.3,.794,0.4,2.3,2.7,6.1,0.8,0.6,2.0,2.1,17.1,russeda01
451,Matt Ryan,SF,26,NOP,13,1,22.9,2.9,6.4,.458,2.5,5.2,.471,0.5,1.2,.400,.651,1.0,1.1,.929,0.4,1.9,2.3,1.1,0.4,0.1,1.2,1.8,9.3,ryanma01
452,Domantas Sabonis,C,27,SAC,44,44,35.3,8.0,13.0,.614,0.5,1.1,.440,7.5,11.9,.630,.633,3.4,5.0,.680,3.2,9.5,12.7,8.0,0.8,0.5,3.3,3.3,19.9,sabondo01
453,Luka Šamanić,PF,24,UTA,21,0,6.0,1.0,2.7,.375,0.2,1.0,.238,0.8,1.7,.457,.420,0.5,0.6,.846,0.3,1.5,1.8,0.2,0.0,0.1,0.4,0.6,2.8,samanlu01
454,Jermaine Samuels,SF,25,HOU,7,0,6.3,0.7,1.1,.625,0.0,0.3,.000,0.7,0.9,.833,.625,0.3,0.3,1.000,0.3,1.1,1.4,0.3,0.1,0.1,0.0,0.4,1.7,samueje01
455,Adama Sanogo,PF,21,CHI,3,0,3.7,1.0,1.0,1.000,0.0,0.0,,1.0,1.0,1.000,1.000,0.7,1.0,.667,0.7,1.3,2.0,0.0,0.0,0.0,0.3,0.0,2.7,sanogad01
456,Gui Santos,PF,21,GSW,6,0,5.8,0.7,1.8,.364,0.2,1.0,.167,0.5,0.8,.600,.409,1.0,1.0,1.000,0.8,1.2,2.0,0.3,0.0,0.0,0.3,0.5,2.5,santogu01
457,Dario Šarić,C,29,GSW,43,9,20.6,3.6,7.5,.484,1.6,3.8,.415,2.0,3.7,.557,.590,1.6,1.9,.850,1.4,4.1,5.5,2.5,0.6,0.2,1.3,2.2,10.4,saricda01
458,Olivier Sarr,C,24,OKC,9,0,7.6,0.7,1.2,.545,0.2,0.6,.400,0.4,0.7,.667,.636,0.7,0.9,.750,0.7,2.2,2.9,0.2,0.0,0.6,0.2,1.6,2.2,sarrol01
459,Marcus Sasser,PG,23,DET,40,0,15.5,2.7,5.8,.468,1.0,2.6,.392,1.7,3.2,.527,.554,0.7,0.8,.906,0.2,1.4,1.6,2.6,0.6,0.2,0.9,1.3,7.1,sassema01
460,Admiral Schofield,PF,26,ORL,12,0,3.8,0.4,1.3,.333,0.2,0.8,.222,0.3,0.5,.500,.400,0.0,0.2,.000,0.1,0.5,0.6,0.3,0.0,0.0,0.3,0.6,1.0,schofad01
461,Dennis Schröder,PG,30,TOR,45,31,31.0,5.0,11.0,.451,1.6,4.4,.357,3.4,6.7,.512,.521,2.4,2.8,.856,0.4,2.2,2.7,6.3,0.8,0.1,1.5,2.1,13.9,schrode01
462,Dereon Seabron,SG,23,NOP,5,0,10.4,0.8,2.6,.308,0.2,0.4,.500,0.6,2.2,.273,.346,1.0,1.2,.833,0.2,1.2,1.4,0.8,0.4,0.2,0.0,0.8,2.8,seabrde01
463,Alperen Şengün,C,21,HOU,45,45,32.5,8.6,15.9,.541,0.6,2.0,.284,8.0,13.9,.577,.559,4.0,5.5,.722,2.7,6.4,9.2,5.0,1.2,0.7,2.6,3.2,21.7,sengual01
464,Brice Sensabaugh,SF,20,UTA,4,0,3.0,0.5,1.5,.333,0.3,0.5,.500,0.3,1.0,.250,.417,0.0,0.0,,0.3,0.5,0.8,0.5,0.0,0.0,0.0,0.3,1.3,sensabr01
465,Collin Sexton,SG,25,UTA,47,24,24.3,6.0,12.3,.489,1.5,4.0,.382,4.5,8.3,.540,.550,4.0,4.6,.879,0.9,1.8,2.7,4.3,0.7,0.2,1.8,2.0,17.5,sextoco01
466,Landry Shamet,SG,26,WAS,29,0,15.1,2.8,6.2,.450,1.3,3.4,.378,1.5,2.8,.537,.553,1.0,1.2,.778,0.3,1.0,1.3,1.3,0.6,0.2,0.6,1.8,7.8,shamela01
467,Day'Ron Sharpe,C,22,BRK,37,1,16.0,3.0,5.2,.575,0.0,0.2,.143,3.0,5.0,.591,.578,1.5,2.4,.614,2.8,4.2,7.0,1.4,0.5,0.9,1.0,2.3,7.5,sharpda01
468,Shaedon Sharpe,SG,20,POR,32,25,33.1,5.5,13.6,.406,1.9,5.6,.333,3.6,7.9,.457,.475,3.1,3.7,.824,1.3,3.7,5.0,2.9,0.9,0.4,2.3,2.8,15.9,sharpsh01
469,Ben Sheppard,SG,22,IND,24,0,9.9,1.0,2.8,.368,0.5,1.8,.279,0.5,1.0,.520,.456,0.4,0.5,.750,0.3,1.0,1.3,0.9,0.5,0.0,0.1,1.3,3.0,sheppbe01
470,Pascal Siakam,PF,29,TOT,44,44,34.4,8.4,16.0,.527,1.2,3.5,.327,7.3,12.4,.584,.563,4.2,5.6,.744,1.5,5.0,6.5,5.0,0.8,0.2,2.1,2.3,22.1,siakapa01
471,Pascal Siakam,PF,29,TOR,39,39,34.7,8.3,16.0,.522,1.2,3.7,.317,7.2,12.3,.584,.559,4.3,5.7,.758,1.4,4.9,6.3,4.9,0.8,0.3,2.1,2.2,22.2,siakapa01
472,Pascal Siakam,PF,29,IND,5,5,32.0,9.0,15.8,.570,1.0,2.2,.455,8.0,13.6,.588,.601,2.8,4.6,.609,2.2,5.8,8.0,5.6,0.6,0.0,1.8,3.2,21.8,siakapa01
473,Ben Simmons,PG,27,BRK,6,6,31.8,3.2,6.0,.528,0.0,0.0,,3.2,6.0,.528,.528,0.2,0.7,.250,2.7,8.2,10.8,6.7,0.5,0.8,2.5,2.7,6.5,simmobe01
474,Anfernee Simons,SG,24,POR,23,23,33.5,8.1,18.5,.439,3.5,8.8,.396,4.7,9.7,.478,.533,4.0,4.4,.901,0.5,3.0,3.4,5.0,0.5,0.1,2.6,2.0,23.7,simonan01
475,Jericho Sims,C,25,NYK,22,7,7.8,0.6,0.9,.700,0.0,0.0,,0.6,0.9,.700,.700,0.2,0.3,.571,0.4,1.3,1.7,0.2,0.1,0.3,0.2,0.9,1.5,simsje01
476,Dmytro Skapintsev,C,25,NYK,2,0,1.0,0.0,0.5,.000,0.0,0.0,,0.0,0.5,.000,.000,0.0,0.0,,0.0,0.0,0.0,0.0,0.0,0.0,0.0,0.0,0.0,skapidm01
477,Jalen Slawson,SF,24,SAC,5,0,3.8,0.4,0.6,.667,0.0,0.2,.000,0.4,0.4,1.000,.667,0.0,0.0,,0.0,0.8,0.8,0.4,0.0,0.2,0.4,0.6,0.8,slawsja01
478,Javonte Smart,PG,24,PHI,1,0,1.0,0.0,0.0,,0.0,0.0,,0.0,0.0,,,0.0,0.0,,0.0,0.0,0.0,0.0,0.0,0.0,0.0,0.0,0.0,smartja01
479,Marcus Smart,PG,29,MEM,20,20,30.3,5.1,11.9,.430,2.1,6.7,.313,3.0,5.2,.583,.519,2.2,2.8,.768,0.3,2.4,2.7,4.3,2.1,0.3,3.1,2.7,14.5,smartma01
480,Dennis Smith Jr.,PG,26,BRK,30,1,19.8,2.8,6.6,.427,0.5,1.9,.281,2.3,4.7,.486,.467,0.9,1.1,.794,1.0,2.3,3.3,4.0,1.2,0.2,1.3,2.4,7.1,smithde03
481,Dru Smith,SG,26,MIA,9,0,14.6,1.7,3.7,.455,0.8,1.9,.412,0.9,1.8,.500,.561,0.2,0.2,1.000,0.7,0.9,1.6,1.6,1.0,0.3,0.6,1.3,4.3,smithdr01
482,Ish Smith,PG,35,CHO,37,3,16.8,1.6,3.6,.444,0.1,0.2,.333,1.5,3.4,.449,.451,0.1,0.1,.750,0.3,1.5,1.8,3.3,0.4,0.1,1.1,1.1,3.3,smithis01
483,Jabari Smith Jr.,PF,20,HOU,40,40,31.7,5.0,10.6,.474,1.7,4.5,.382,3.3,6.2,.541,.554,1.9,2.4,.809,2.0,6.8,8.7,1.5,0.6,0.8,1.2,2.9,13.7,smithja05
484,Jalen Smith,C,23,IND,32,12,17.6,4.0,6.3,.629,1.1,2.3,.486,2.9,4.1,.708,.715,1.3,1.8,.695,1.6,3.9,5.5,1.0,0.3,0.6,0.9,2.4,10.3,smithja04
485,Nick Smith Jr.,SG,19,CHO,29,0,15.3,2.5,5.8,.429,1.3,2.9,.470,1.1,2.9,.388,.545,0.1,0.1,.750,0.5,1.1,1.6,1.2,0.1,0.2,0.9,1.2,6.4,smithni01
486,Terquavion Smith,PG,21,PHI,4,0,3.8,0.5,2.3,.222,0.5,1.5,.333,0.0,0.8,.000,.333,0.5,0.5,1.000,0.0,0.0,0.0,1.3,0.8,0.0,0.3,0.0,2.0,smithte01
487,Jeremy Sochan,PF,20,SAS,46,45,29.5,4.5,10.2,.443,1.1,2.8,.380,3.5,7.4,.468,.496,1.6,2.1,.789,1.7,4.1,5.8,3.9,0.7,0.4,1.9,2.3,11.7,sochaje01
488,Jaden Springer,SG,21,PHI,26,0,10.0,1.1,3.1,.363,0.2,1.0,.200,0.9,2.1,.436,.394,0.7,0.8,.773,0.7,0.7,1.4,0.9,0.5,0.4,0.8,1.4,3.1,sprinja01
489,Lamar Stevens,PF,26,BOS,18,1,6.4,1.1,2.3,.463,0.1,0.4,.286,0.9,1.9,.500,.488,0.4,0.6,.727,0.6,1.0,1.6,0.4,0.3,0.3,0.5,0.7,2.7,stevela01
490,Isaiah Stewart,PF,22,DET,34,33,30.7,4.0,8.6,.469,1.4,3.7,.378,2.6,4.9,.539,.551,1.6,2.1,.746,1.9,5.1,7.0,1.8,0.4,0.8,1.6,2.5,11.0,stewais01
491,Julian Strawther,SF,21,DEN,33,0,13.9,2.2,5.6,.384,1.1,3.5,.322,1.0,2.1,.486,.484,0.5,0.7,.696,0.1,1.4,1.5,1.1,0.5,0.2,0.5,1.4,5.9,strawju01
492,Max Strus,SF,27,CLE,43,43,33.1,4.6,11.4,.403,2.5,7.5,.336,2.1,3.9,.533,.514,1.1,1.3,.807,0.8,4.2,4.9,3.8,1.0,0.5,1.6,2.7,12.8,strusma01
493,Jalen Suggs,SG,22,ORL,41,41,26.2,4.5,9.9,.453,2.0,5.1,.388,2.5,4.8,.523,.553,1.7,2.1,.773,0.7,2.6,3.3,2.3,1.3,0.6,1.9,2.8,12.6,suggsja01
494,Cole Swider,SF,24,MIA,9,0,4.9,1.0,2.3,.429,0.6,1.7,.333,0.4,0.7,.667,.548,0.0,0.0,,0.1,0.1,0.2,0.3,0.1,0.1,0.3,0.2,2.6,swideco01
495,Jae'Sean Tate,SF,28,HOU,42,9,18.4,1.9,3.9,.479,0.4,1.5,.286,1.4,2.4,.600,.534,0.5,0.7,.714,1.0,2.4,3.5,1.1,0.7,0.2,0.5,2.5,4.6,tateja01
496,Jayson Tatum,PF,25,BOS,43,43,35.7,9.0,19.2,.468,3.0,8.2,.364,6.0,11.0,.545,.545,5.9,7.2,.813,0.9,7.5,8.4,4.3,1.0,0.5,2.5,2.1,26.8,tatumja01
497,Terry Taylor,PF,24,CHI,16,0,6.8,0.8,1.4,.591,0.0,0.3,.000,0.8,1.1,.765,.591,0.1,0.1,1.000,0.8,0.5,1.3,0.3,0.2,0.1,0.4,0.8,1.7,taylote01
498,Garrett Temple,SG,37,TOR,12,0,3.9,0.5,1.2,.429,0.2,0.5,.333,0.3,0.7,.500,.500,0.3,0.3,1.000,0.3,0.4,0.8,0.5,0.2,0.0,0.3,0.3,1.5,templga01
499,Dalen Terry,SG,21,CHI,30,1,9.8,0.7,2.0,.361,0.3,1.2,.222,0.5,0.8,.560,.426,0.5,0.7,.750,0.3,1.3,1.6,1.2,0.2,0.3,0.5,1.2,2.2,terryda01
500,Daniel Theis,C,31,TOT,34,1,17.2,2.7,5.1,.541,0.4,1.0,.429,2.3,4.0,.569,.584,0.8,1.1,.718,1.6,2.1,3.7,0.9,0.5,0.9,0.7,2.4,6.7,theisda01
501,Daniel Theis,C,31,IND,1,0,8.0,1.0,4.0,.250,0.0,1.0,.000,1.0,3.0,.333,.250,0.0,0.0,,0.0,0.0,0.0,0.0,0.0,0.0,0.0,1.0,2.0,theisda01
502,Daniel Theis,C,31,LAC,33,1,17.5,2.8,5.1,.548,0.5,1.0,.441,2.3,4.1,.575,.592,0.8,1.2,.718,1.6,2.2,3.8,0.9,0.5,0.9,0.7,2.4,6.9,theisda01
503,Cam Thomas,SG,22,BRK,36,21,28.8,7.6,17.1,.444,1.9,5.4,.349,5.7,11.7,.488,.499,3.9,4.8,.820,0.2,2.4,2.6,2.4,0.6,0.3,1.8,1.9,21.0,thomaca02
504,Amen Thompson,SF,21,HOU,26,1,16.5,2.5,5.2,.474,0.2,1.3,.182,2.2,3.9,.569,.496,1.3,1.9,.680,1.0,3.1,4.2,2.2,1.0,0.4,1.2,2.0,6.5,thompam01
505,Ausar Thompson,SF,21,DET,45,24,23.7,3.4,7.3,.471,0.2,1.6,.149,3.2,5.7,.565,.488,1.2,1.8,.634,2.1,4.5,6.6,1.9,0.9,0.9,1.3,2.9,8.3,thompau01
506,Klay Thompson,SF,33,GSW,42,42,30.9,6.1,14.5,.421,3.4,8.8,.385,2.7,5.7,.477,.539,1.9,2.1,.910,0.5,2.9,3.4,2.4,0.5,0.5,1.7,2.0,17.6,thompkl01
507,Tristan Thompson,PF,32,CLE,36,0,12.4,1.7,2.6,.649,0.0,0.0,.000,1.7,2.6,.656,.649,0.4,1.2,.310,1.6,2.3,3.9,1.1,0.2,0.3,0.6,1.4,3.8,thomptr01
508,JT Thor,PF,21,CHO,37,1,14.3,1.3,3.6,.364,0.5,1.6,.328,0.8,2.0,.392,.436,0.2,0.3,.545,1.0,1.7,2.7,0.4,0.2,0.5,0.3,1.1,3.3,thorjt01
509,Matisse Thybulle,SF,26,POR,43,15,22.6,2.0,4.7,.425,1.4,3.7,.373,0.6,1.0,.619,.573,0.3,0.4,.813,0.4,1.5,2.0,1.2,1.6,0.8,0.5,1.3,5.6,thybuma01
510,Xavier Tillman Sr.,C,25,MEM,32,12,20.2,2.6,6.3,.406,0.4,1.6,.231,2.2,4.7,.467,.436,0.5,1.2,.405,1.6,3.0,4.6,1.7,1.2,1.0,0.9,1.7,6.0,tillmxa01
511,Jacob Toppin,SF,23,NYK,3,0,1.3,0.0,0.0,,0.0,0.0,,0.0,0.0,,,0.0,0.0,,0.0,0.0,0.0,0.3,0.0,0.3,0.0,0.0,0.0,toppija01
512,Obi Toppin,PF,25,IND,46,28,23.3,4.5,7.7,.584,1.3,3.2,.399,3.2,4.5,.716,.667,1.1,1.4,.758,1.1,2.9,4.0,1.5,0.5,0.5,0.8,2.1,11.4,toppiob01
513,Juan Toscano-Anderson,SF,30,SAC,11,0,4.8,0.3,1.1,.250,0.1,0.4,.250,0.2,0.7,.250,.292,0.0,0.0,,0.4,0.9,1.3,0.4,0.1,0.1,0.2,1.0,0.6,toscaju01
514,Karl-Anthony Towns,PF,28,MIN,45,45,33.1,8.2,15.7,.521,2.2,5.0,.436,6.0,10.7,.560,.590,4.2,4.7,.878,1.4,7.3,8.7,3.0,0.7,0.6,2.9,3.4,22.6,townska01
515,Gary Trent Jr.,SG,25,TOR,40,10,25.9,4.3,10.1,.423,2.3,5.6,.415,2.0,4.5,.433,.538,0.7,1.1,.651,0.3,1.9,2.1,1.6,0.8,0.1,0.6,1.2,11.6,trentga02
516,Oscar Tshiebwe,PF,24,IND,6,0,5.7,1.3,2.7,.500,0.0,0.0,,1.3,2.7,.500,.500,0.8,1.0,.833,1.0,1.0,2.0,0.3,0.3,0.0,0.0,0.2,3.5,tshieos01
517,P.J. Tucker,PF,38,TOT,15,3,15.9,0.4,1.3,.316,0.3,1.1,.313,0.1,0.2,.333,.447,0.2,0.2,1.000,1.1,1.8,2.9,0.5,0.6,0.2,0.3,2.3,1.3,tuckepj01
518,P.J. Tucker,PF,38,PHI,3,3,22.0,0.7,1.7,.400,0.7,1.7,.400,0.0,0.0,,.600,0.0,0.0,,0.3,4.3,4.7,0.0,1.0,0.7,0.7,3.0,2.0,tuckepj01
519,P.J. Tucker,PF,38,LAC,12,0,14.4,0.3,1.2,.286,0.3,0.9,.273,0.1,0.3,.333,.393,0.3,0.3,1.000,1.3,1.2,2.4,0.7,0.5,0.1,0.2,2.2,1.2,tuckepj01
520,Myles Turner,C,27,IND,45,45,27.4,6.2,11.8,.524,1.4,4.1,.339,4.8,7.8,.622,.583,3.4,4.3,.803,1.7,5.3,7.0,1.3,0.5,1.9,1.5,3.1,17.2,turnemy01
521,Hunter Tyson,PF,23,DEN,9,0,3.0,0.1,0.8,.143,0.0,0.7,.000,0.1,0.1,1.000,.143,0.0,0.0,,0.0,0.7,0.7,0.1,0.0,0.0,0.2,0.7,0.2,tysonhu01
522,Stanley Umude,SG,24,DET,15,0,10.3,1.3,2.9,.455,0.9,1.8,.519,0.4,1.1,.353,.614,1.4,1.5,.913,0.2,1.7,1.9,0.5,0.3,0.3,0.7,1.6,5.0,umudest01
523,Jonas Valančiūnas,C,31,NOP,46,46,26.3,5.5,9.6,.568,0.7,1.8,.357,4.8,7.8,.617,.602,2.4,2.9,.807,2.6,7.0,9.6,2.3,0.5,1.1,1.4,3.1,13.9,valanjo01
524,Jarred Vanderbilt,PF,24,LAL,26,5,20.5,1.9,3.8,.490,0.2,0.9,.250,1.7,2.9,.566,.520,0.8,1.2,.656,1.4,3.5,4.9,1.2,1.2,0.2,0.9,1.6,4.8,vandeja01
525,Fred VanVleet,PG,29,HOU,43,43,37.1,5.7,13.9,.409,3.0,7.9,.378,2.7,6.0,.450,.517,2.7,3.1,.859,0.4,3.4,3.8,8.3,1.1,1.0,1.6,2.3,17.1,vanvlfr01
526,Devin Vassell,SG,23,SAS,41,35,31.2,6.7,14.3,.467,2.4,6.7,.364,4.2,7.6,.558,.552,2.3,2.9,.805,0.4,3.2,3.5,3.6,1.2,0.2,1.3,1.1,18.1,vassede01
527,Sasha Vezenkov,PF,28,SAC,33,0,12.7,2.2,4.8,.456,1.1,2.9,.375,1.1,1.9,.581,.570,0.2,0.3,.700,0.9,1.7,2.6,0.4,0.5,0.2,0.3,0.9,5.7,vezenal01
528,Gabe Vincent,PG,27,LAL,5,0,25.4,2.4,6.4,.375,0.4,3.4,.118,2.0,3.0,.667,.406,0.2,0.4,.500,0.4,0.6,1.0,3.0,1.2,0.0,0.4,2.4,5.4,vincega01
529,Nikola Vučević,C,33,CHI,41,39,33.8,7.3,15.4,.475,1.1,4.0,.273,6.2,11.4,.546,.510,1.2,1.4,.864,2.7,7.9,10.6,3.5,0.7,0.7,1.6,2.6,17.0,vucevni01
530,Dean Wade,PF,27,CLE,36,29,22.1,1.9,4.5,.432,1.6,3.8,.413,0.4,0.7,.542,.608,0.4,0.5,.789,0.9,3.7,4.5,0.8,0.9,0.3,0.5,2.0,5.9,wadede01
531,Franz Wagner,SF,22,ORL,37,37,33.1,7.6,16.2,.467,1.5,4.9,.304,6.1,11.3,.537,.513,4.0,4.7,.855,1.1,4.6,5.6,3.9,1.1,0.4,1.9,2.3,20.6,wagnefr01
532,Moritz Wagner,C,26,ORL,43,1,18.9,4.3,7.2,.592,0.5,1.7,.319,3.7,5.6,.674,.629,2.3,2.9,.789,1.5,3.0,4.5,1.3,0.5,0.3,1.2,2.2,11.3,wagnemo01
533,Ish Wainright,SF,29,POR,7,0,6.6,0.9,2.6,.333,0.9,2.3,.375,0.0,0.3,.000,.500,0.3,0.3,1.000,0.0,1.3,1.3,0.0,0.3,0.1,0.1,0.6,2.9,wainris01
534,Jabari Walker,SF,21,POR,41,7,21.2,3.0,6.3,.479,0.6,2.0,.296,2.4,4.3,.562,.525,1.9,2.5,.752,1.9,4.3,6.2,0.9,0.7,0.4,0.9,2.2,8.5,walkeja01
535,Jarace Walker,PF,20,IND,15,0,11.0,1.9,4.3,.438,0.8,2.0,.400,1.1,2.3,.471,.531,0.4,0.5,.857,0.5,1.3,1.9,1.3,0.6,0.3,0.5,1.0,4.9,walkeja02
536,Lonnie Walker IV,SG,25,BRK,27,0,18.1,4.2,8.8,.475,2.1,4.8,.442,2.1,4.0,.514,.595,1.1,1.4,.763,0.2,2.0,2.1,1.3,0.6,0.3,1.1,1.1,11.6,walkelo01
537,Cason Wallace,SG,20,OKC,45,7,21.1,2.6,5.2,.513,1.1,2.7,.421,1.5,2.5,.613,.623,0.4,0.5,.833,0.6,1.6,2.3,1.4,0.7,0.4,0.5,1.7,6.9,wallaca01
538,Jordan Walsh,SF,19,BOS,2,0,3.0,0.0,0.5,.000,0.0,0.5,.000,0.0,0.0,,.000,0.0,0.0,,0.0,2.5,2.5,0.5,0.0,0.0,0.0,0.0,0.0,walshjo01
539,P.J. Washington,PF,25,CHO,38,16,28.7,5.0,11.1,.452,1.9,5.4,.348,3.1,5.7,.551,.537,1.5,2.0,.747,1.2,3.9,5.1,2.3,0.9,0.8,1.5,2.7,13.4,washipj01
540,TyTy Washington Jr.,PG,22,MIL,2,0,3.0,0.5,1.5,.333,0.5,1.0,.500,0.0,0.5,.000,.500,0.0,0.0,,0.0,0.5,0.5,0.0,0.5,0.0,1.0,0.0,1.5,washity02
541,Yuta Watanabe,SF,29,PHO,26,0,14.3,1.2,3.6,.344,0.9,2.8,.315,0.3,0.8,.450,.468,0.4,0.6,.667,0.4,1.3,1.7,0.4,0.3,0.3,0.6,1.3,3.7,watanyu01
542,Lindy Waters III,SG,26,OKC,16,0,7.3,1.0,2.4,.421,0.9,2.3,.417,0.1,0.1,.500,.618,0.0,0.0,,0.1,0.7,0.8,0.6,0.0,0.1,0.1,0.7,2.9,waterli01
543,Trendon Watford,PF,23,BRK,31,0,12.2,2.3,4.4,.533,0.3,0.9,.357,2.0,3.5,.579,.570,0.8,0.9,.828,0.9,1.9,2.9,1.6,0.5,0.2,0.8,1.6,5.7,watfotr01
544,Peyton Watson,SF,21,DEN,45,2,17.6,2.6,5.5,.467,0.7,2.1,.319,1.9,3.4,.559,.528,1.0,1.5,.687,0.5,2.1,2.7,1.0,0.5,0.9,0.6,1.6,6.8,watsope01
545,Victor Wembanyama,C,20,SAS,40,40,28.5,7.6,16.3,.465,1.5,5.0,.305,6.0,11.3,.536,.512,3.9,4.9,.800,2.2,7.9,10.1,3.1,1.1,3.1,3.4,2.3,20.5,wembavi01
546,Blake Wesley,SG,20,SAS,25,1,11.6,1.5,3.0,.500,0.0,0.6,.067,1.4,2.4,.610,.507,0.4,0.9,.478,0.3,0.8,1.1,2.3,0.4,0.1,0.6,1.4,3.4,weslebl01
547,Russell Westbrook,PG,35,LAC,44,10,23.0,4.5,9.8,.463,0.7,2.3,.294,3.8,7.5,.515,.498,1.6,2.4,.673,1.6,4.3,5.8,4.7,1.1,0.5,2.1,1.9,11.3,westbru01
548,Coby White,PG,23,CHI,46,46,35.7,6.7,14.7,.460,2.8,7.1,.400,3.9,7.6,.516,.556,2.6,3.2,.821,0.5,4.1,4.7,5.0,0.7,0.3,2.1,2.4,18.9,whiteco01
549,Derrick White,SG,29,BOS,42,42,32.0,5.3,11.7,.457,2.6,6.6,.396,2.7,5.0,.538,.569,2.3,2.6,.898,0.7,3.4,4.1,4.7,1.0,1.2,1.6,2.2,15.6,whitede01
550,Cam Whitmore,SF,19,HOU,22,1,16.3,3.9,8.2,.475,1.5,3.8,.398,2.4,4.5,.541,.566,1.2,1.9,.659,0.7,3.1,3.8,0.4,0.6,0.3,0.6,1.4,10.5,whitmca01
551,Aaron Wiggins,SG,25,OKC,42,0,12.9,2.2,3.6,.605,0.6,1.1,.553,1.6,2.5,.629,.691,0.5,0.7,.759,0.6,1.6,2.2,0.9,0.4,0.1,0.5,1.2,5.5,wiggiaa01
552,Andrew Wiggins,SF,28,GSW,39,28,26.9,4.7,10.8,.434,1.0,3.2,.310,3.7,7.6,.486,.480,1.9,2.7,.695,1.7,2.5,4.2,1.6,0.4,0.5,1.4,2.4,12.3,wiggian01
553,Lindell Wigginton,PG,25,MIL,3,0,2.7,0.7,1.7,.400,0.0,0.7,.000,0.7,1.0,.667,.400,0.7,0.7,1.000,0.0,0.0,0.0,0.0,0.0,0.0,0.3,0.3,2.0,wiggili01
554,Brandon Williams,PG,24,DAL,6,0,5.8,1.2,2.2,.538,0.3,0.7,.500,0.8,1.5,.556,.615,0.3,1.0,.333,0.3,0.5,0.8,1.0,0.2,0.2,0.3,0.2,3.0,willibr03
555,Grant Williams,PF,25,DAL,42,30,26.5,2.9,7.0,.421,1.8,4.7,.381,1.1,2.3,.505,.550,0.8,1.1,.729,1.0,2.6,3.6,1.8,0.5,0.6,1.0,3.0,8.5,willigr01
556,Jalen Williams,PF,22,OKC,42,42,32.0,7.3,13.4,.542,1.4,3.1,.438,5.9,10.3,.573,.592,2.7,3.3,.826,0.5,3.6,4.1,4.5,1.1,0.5,1.8,2.7,18.6,willija06
557,Jaylin Williams,C,21,OKC,37,0,11.7,1.2,3.1,.395,0.7,2.0,.365,0.5,1.1,.450,.513,0.4,0.4,.875,0.5,2.6,3.1,1.2,0.4,0.3,0.4,1.5,3.5,willija07
558,Jeenathan Williams,SG,24,HOU,7,0,7.9,1.4,3.3,.435,0.1,0.4,.333,1.3,2.9,.450,.457,0.6,0.7,.800,0.7,0.1,0.9,0.4,0.3,0.0,0.1,0.7,3.6,willije02
559,Kenrich Williams,PF,29,OKC,34,0,15.0,1.9,3.9,.485,0.8,2.0,.397,1.1,1.9,.578,.587,0.1,0.3,.300,0.7,2.2,3.0,1.4,0.6,0.1,0.4,1.4,4.6,willike04
560,Mark Williams,C,22,CHO,19,19,26.7,5.2,7.9,.649,0.0,0.0,,5.2,7.9,.649,.649,2.4,3.4,.719,4.0,5.7,9.7,1.2,0.8,1.1,0.9,2.6,12.7,willima07
561,Patrick Williams,PF,22,CHI,43,30,27.3,3.7,8.3,.443,1.4,3.4,.399,2.3,4.9,.474,.525,1.2,1.5,.788,1.1,2.8,3.9,1.5,0.9,0.8,1.3,2.0,10.0,willipa01
562,Robert Williams,C,26,POR,6,0,19.8,2.8,4.3,.654,0.0,0.0,,2.8,4.3,.654,.654,1.2,1.5,.778,1.8,4.5,6.3,0.8,1.2,1.2,1.2,2.8,6.8,williro04
563,Vince Williams Jr.,SG,23,MEM,35,16,24.5,2.5,5.9,.424,1.5,4.0,.383,0.9,1.8,.516,.556,1.6,2.0,.812,1.2,4.2,5.4,2.2,0.8,0.7,1.1,2.4,8.1,willivi01
564,Ziaire Williams,SF,22,MEM,43,9,19.0,2.7,7.0,.391,1.1,3.6,.320,1.6,3.5,.463,.472,1.1,1.4,.831,0.7,2.7,3.4,1.4,0.6,0.2,1.3,1.7,7.8,willizi02
565,Zion Williamson,PF,23,NOP,37,37,30.3,8.7,14.7,.589,0.1,0.3,.400,8.6,14.5,.593,.593,4.4,6.7,.664,1.8,3.8,5.5,4.7,0.9,0.4,2.6,2.5,21.9,willizi01
566,Jalen Wilson,PF,23,BRK,11,0,9.5,1.5,2.9,.500,0.2,0.7,.250,1.3,2.2,.583,.531,1.4,1.4,1.000,1.4,0.8,2.2,0.8,0.3,0.1,0.3,0.8,4.5,wilsoja03
567,Dylan Windler,SF,27,TOT,4,0,3.0,0.5,0.8,.667,0.5,0.8,.667,0.0,0.0,,1.000,0.0,0.0,,0.0,0.3,0.3,0.5,0.0,0.0,0.0,0.5,1.5,windldy01
568,Dylan Windler,SF,27,NYK,3,0,2.3,0.3,0.7,.500,0.3,0.7,.500,0.0,0.0,,.750,0.0,0.0,,0.0,0.3,0.3,0.3,0.0,0.0,0.0,0.3,1.0,windldy01
569,Dylan Windler,SF,27,LAL,1,0,5.0,1.0,1.0,1.000,1.0,1.0,1.000,0.0,0.0,,1.500,0.0,0.0,,0.0,0.0,0.0,1.0,0.0,0.0,0.0,1.0,3.0,windldy01
570,James Wiseman,C,22,DET,29,0,14.6,2.7,3.9,.675,0.0,0.1,.000,2.7,3.9,.688,.675,0.7,1.2,.618,1.4,2.7,4.1,0.6,0.1,0.7,0.9,2.0,6.0,wisemja01
571,Christian Wood,PF,28,LAL,41,1,18.3,2.5,5.3,.479,0.8,2.3,.323,1.8,3.0,.603,.551,1.4,2.0,.695,0.8,4.6,5.4,1.1,0.3,0.8,1.1,1.5,7.2,woodch01
572,Delon Wright,PG,31,WAS,24,0,16.0,1.6,4.2,.376,0.5,1.3,.367,1.1,3.0,.380,.431,0.9,1.1,.815,0.4,1.7,2.1,3.0,1.3,0.3,0.4,0.8,4.5,wrighde01
573,Thaddeus Young,PF,35,TOR,17,4,13.1,2.0,3.5,.576,0.1,0.2,.250,1.9,3.2,.600,.585,0.2,0.5,.444,1.1,1.6,2.7,2.1,0.9,0.1,0.4,1.5,4.3,youngth01
574,Trae Young,PG,25,ATL,40,40,36.3,8.3,19.6,.424,3.3,9.0,.362,5.1,10.7,.477,.507,7.1,8.2,.860,0.5,2.5,3.0,10.8,1.4,0.2,4.3,2.0,27.0,youngtr01
575,Omer Yurtseven,C,25,UTA,25,6,10.3,1.5,3.0,.500,0.1,0.6,.200,1.4,2.4,.574,.520,0.2,0.4,.600,1.4,2.7,4.1,0.5,0.2,0.4,0.9,1.3,3.4,yurtsom01
576,Cody Zeller,C,31,NOP,33,0,8.3,0.6,1.5,.392,0.0,0.1,.333,0.6,1.5,.396,.402,0.6,1.1,.600,1.1,1.6,2.7,1.0,0.2,0.1,0.3,1.2,1.9,zelleco01
577,Ivica Zubac,C,26,LAC,38,38,27.1,5.3,8.1,.655,0.0,0.0,,5.3,8.1,.655,.655,1.8,2.8,.648,3.3,6.5,9.7,1.3,0.2,1.4,1.1,2.9,12.4,zubaciv01
